"LOCATION","INDICATOR","SUBJECT","MEASURE","FREQUENCY","TIME","Value","Flag Codes"
"AUS","GDPHRWKD","TOT","IDX2010","A","1970",55.769385,
"AUS","GDPHRWKD","TOT","IDX2010","A","1971",57.163363,
"AUS","GDPHRWKD","TOT","IDX2010","A","1972",58.421316,
"AUS","GDPHRWKD","TOT","IDX2010","A","1973",59.625009,
"AUS","GDPHRWKD","TOT","IDX2010","A","1974",58.6759,
"AUS","GDPHRWKD","TOT","IDX2010","A","1975",60.847527,
"AUS","GDPHRWKD","TOT","IDX2010","A","1976",61.863303,
"AUS","GDPHRWKD","TOT","IDX2010","A","1977",61.793433,
"AUS","GDPHRWKD","TOT","IDX2010","A","1978",64.400534,
"AUS","GDPHRWKD","TOT","IDX2010","A","1979",64.713073,
"AUS","GDPHRWKD","TOT","IDX2010","A","1980",65.406952,
"AUS","GDPHRWKD","TOT","IDX2010","A","1981",67.3397,
"AUS","GDPHRWKD","TOT","IDX2010","A","1982",68.18185,
"AUS","GDPHRWKD","TOT","IDX2010","A","1983",69.889468,
"AUS","GDPHRWKD","TOT","IDX2010","A","1984",71.418183,
"AUS","GDPHRWKD","TOT","IDX2010","A","1985",71.287633,
"AUS","GDPHRWKD","TOT","IDX2010","A","1986",71.328333,
"AUS","GDPHRWKD","TOT","IDX2010","A","1987",72.845841,
"AUS","GDPHRWKD","TOT","IDX2010","A","1988",72.623339,
"AUS","GDPHRWKD","TOT","IDX2010","A","1989",72.860461,
"AUS","GDPHRWKD","TOT","IDX2010","A","1990",71.547068,
"AUS","GDPHRWKD","TOT","IDX2010","A","1991",73.180545,
"AUS","GDPHRWKD","TOT","IDX2010","A","1992",75.419407,
"AUS","GDPHRWKD","TOT","IDX2010","A","1993",75.583005,
"AUS","GDPHRWKD","TOT","IDX2010","A","1994",75.71443,
"AUS","GDPHRWKD","TOT","IDX2010","A","1995",78.00233,
"AUS","GDPHRWKD","TOT","IDX2010","A","1996",80.747255,
"AUS","GDPHRWKD","TOT","IDX2010","A","1997",83.452722,
"AUS","GDPHRWKD","TOT","IDX2010","A","1998",86.190628,
"AUS","GDPHRWKD","TOT","IDX2010","A","1999",86.951827,
"AUS","GDPHRWKD","TOT","IDX2010","A","2000",87.842319,
"AUS","GDPHRWKD","TOT","IDX2010","A","2001",90.906763,
"AUS","GDPHRWKD","TOT","IDX2010","A","2002",92.171938,
"AUS","GDPHRWKD","TOT","IDX2010","A","2003",94.156918,
"AUS","GDPHRWKD","TOT","IDX2010","A","2004",93.886964,
"AUS","GDPHRWKD","TOT","IDX2010","A","2005",94.272838,
"AUS","GDPHRWKD","TOT","IDX2010","A","2006",94.818606,
"AUS","GDPHRWKD","TOT","IDX2010","A","2007",95.965075,
"AUS","GDPHRWKD","TOT","IDX2010","A","2008",99.338633,
"AUS","GDPHRWKD","TOT","IDX2010","A","2009",98.378273,
"AUS","GDPHRWKD","TOT","IDX2010","A","2010",100,
"AUS","GDPHRWKD","TOT","IDX2010","A","2011",101.159838,
"AUS","GDPHRWKD","TOT","IDX2010","A","2012",103.613731,
"AUS","GDPHRWKD","TOT","IDX2010","A","2013",105.382819,
"AUS","GDPHRWKD","TOT","IDX2010","A","2014",106.01822,
"AUS","GDPHRWKD","TOT","IDX2010","A","2015",108.78999,
"AUS","GDPHRWKD","TOT","IDX2010","A","2016",108.5439,
"AUS","GDPHRWKD","TOT","IDX2010","A","2017",109.731266,
"AUS","GDPHRWKD","TOT","IDX2010","A","2018",110.416697,"E"
"AUT","GDPHRWKD","TOT","IDX2010","A","1995",79.506327,
"AUT","GDPHRWKD","TOT","IDX2010","A","1996",79.571582,
"AUT","GDPHRWKD","TOT","IDX2010","A","1997",80.267626,
"AUT","GDPHRWKD","TOT","IDX2010","A","1998",83.290541,
"AUT","GDPHRWKD","TOT","IDX2010","A","1999",84.811889,
"AUT","GDPHRWKD","TOT","IDX2010","A","2000",86.800183,
"AUT","GDPHRWKD","TOT","IDX2010","A","2001",87.899345,
"AUT","GDPHRWKD","TOT","IDX2010","A","2002",89.597702,
"AUT","GDPHRWKD","TOT","IDX2010","A","2003",90.288589,
"AUT","GDPHRWKD","TOT","IDX2010","A","2004",92.070382,
"AUT","GDPHRWKD","TOT","IDX2010","A","2005",94.265766,
"AUT","GDPHRWKD","TOT","IDX2010","A","2006",96.788579,
"AUT","GDPHRWKD","TOT","IDX2010","A","2007",99.206522,
"AUT","GDPHRWKD","TOT","IDX2010","A","2008",99.205539,
"AUT","GDPHRWKD","TOT","IDX2010","A","2009",98.49462,
"AUT","GDPHRWKD","TOT","IDX2010","A","2010",100,
"AUT","GDPHRWKD","TOT","IDX2010","A","2011",101.022129,
"AUT","GDPHRWKD","TOT","IDX2010","A","2012",102.102478,
"AUT","GDPHRWKD","TOT","IDX2010","A","2013",102.775986,
"AUT","GDPHRWKD","TOT","IDX2010","A","2014",103.08942,
"AUT","GDPHRWKD","TOT","IDX2010","A","2015",104.749422,
"AUT","GDPHRWKD","TOT","IDX2010","A","2016",104.682844,
"AUT","GDPHRWKD","TOT","IDX2010","A","2017",105.63469,
"AUT","GDPHRWKD","TOT","IDX2010","A","2018",106.707799,
"BEL","GDPHRWKD","TOT","IDX2010","A","1970",39.60955,
"BEL","GDPHRWKD","TOT","IDX2010","A","1971",41.032444,
"BEL","GDPHRWKD","TOT","IDX2010","A","1972",43.889417,
"BEL","GDPHRWKD","TOT","IDX2010","A","1973",46.861746,
"BEL","GDPHRWKD","TOT","IDX2010","A","1974",48.867728,
"BEL","GDPHRWKD","TOT","IDX2010","A","1975",49.179792,
"BEL","GDPHRWKD","TOT","IDX2010","A","1976",52.157071,
"BEL","GDPHRWKD","TOT","IDX2010","A","1977",53.464534,
"BEL","GDPHRWKD","TOT","IDX2010","A","1978",55.468494,
"BEL","GDPHRWKD","TOT","IDX2010","A","1979",56.787603,
"BEL","GDPHRWKD","TOT","IDX2010","A","1980",60.108243,
"BEL","GDPHRWKD","TOT","IDX2010","A","1981",61.904265,
"BEL","GDPHRWKD","TOT","IDX2010","A","1982",63.635048,
"BEL","GDPHRWKD","TOT","IDX2010","A","1983",64.452317,
"BEL","GDPHRWKD","TOT","IDX2010","A","1984",65.124376,
"BEL","GDPHRWKD","TOT","IDX2010","A","1985",65.657,
"BEL","GDPHRWKD","TOT","IDX2010","A","1986",67.223168,
"BEL","GDPHRWKD","TOT","IDX2010","A","1987",68.883355,
"BEL","GDPHRWKD","TOT","IDX2010","A","1988",71.283559,
"BEL","GDPHRWKD","TOT","IDX2010","A","1989",73.029704,
"BEL","GDPHRWKD","TOT","IDX2010","A","1990",73.888169,
"BEL","GDPHRWKD","TOT","IDX2010","A","1991",76.700743,
"BEL","GDPHRWKD","TOT","IDX2010","A","1992",79.098229,
"BEL","GDPHRWKD","TOT","IDX2010","A","1993",81.081548,
"BEL","GDPHRWKD","TOT","IDX2010","A","1994",84.049329,
"BEL","GDPHRWKD","TOT","IDX2010","A","1995",83.304412,
"BEL","GDPHRWKD","TOT","IDX2010","A","1996",85.821612,
"BEL","GDPHRWKD","TOT","IDX2010","A","1997",87.670647,
"BEL","GDPHRWKD","TOT","IDX2010","A","1998",87.248634,
"BEL","GDPHRWKD","TOT","IDX2010","A","1999",89.165425,
"BEL","GDPHRWKD","TOT","IDX2010","A","2000",89.879529,
"BEL","GDPHRWKD","TOT","IDX2010","A","2001",89.748613,
"BEL","GDPHRWKD","TOT","IDX2010","A","2002",91.847418,
"BEL","GDPHRWKD","TOT","IDX2010","A","2003",92.923539,
"BEL","GDPHRWKD","TOT","IDX2010","A","2004",95.65735,
"BEL","GDPHRWKD","TOT","IDX2010","A","2005",96.735278,
"BEL","GDPHRWKD","TOT","IDX2010","A","2006",97.635287,
"BEL","GDPHRWKD","TOT","IDX2010","A","2007",99.085201,
"BEL","GDPHRWKD","TOT","IDX2010","A","2008",98.506682,
"BEL","GDPHRWKD","TOT","IDX2010","A","2009",97.809538,
"BEL","GDPHRWKD","TOT","IDX2010","A","2010",100,
"BEL","GDPHRWKD","TOT","IDX2010","A","2011",99.535372,
"BEL","GDPHRWKD","TOT","IDX2010","A","2012",99.319659,
"BEL","GDPHRWKD","TOT","IDX2010","A","2013",99.967141,
"BEL","GDPHRWKD","TOT","IDX2010","A","2014",100.963597,
"BEL","GDPHRWKD","TOT","IDX2010","A","2015",102.347189,
"BEL","GDPHRWKD","TOT","IDX2010","A","2016",102.540515,
"BEL","GDPHRWKD","TOT","IDX2010","A","2017",102.75173,
"BEL","GDPHRWKD","TOT","IDX2010","A","2018",102.610366,
"CAN","GDPHRWKD","TOT","IDX2010","A","1970",59.240967,
"CAN","GDPHRWKD","TOT","IDX2010","A","1971",60.698602,
"CAN","GDPHRWKD","TOT","IDX2010","A","1972",62.80066,
"CAN","GDPHRWKD","TOT","IDX2010","A","1973",64.297236,
"CAN","GDPHRWKD","TOT","IDX2010","A","1974",64.29401,
"CAN","GDPHRWKD","TOT","IDX2010","A","1975",65.030299,
"CAN","GDPHRWKD","TOT","IDX2010","A","1976",68.863998,
"CAN","GDPHRWKD","TOT","IDX2010","A","1977",70.774895,
"CAN","GDPHRWKD","TOT","IDX2010","A","1978",71.296434,
"CAN","GDPHRWKD","TOT","IDX2010","A","1979",70.594676,
"CAN","GDPHRWKD","TOT","IDX2010","A","1980",70.386845,
"CAN","GDPHRWKD","TOT","IDX2010","A","1981",71.356509,
"CAN","GDPHRWKD","TOT","IDX2010","A","1982",72.340449,
"CAN","GDPHRWKD","TOT","IDX2010","A","1983",74.022385,
"CAN","GDPHRWKD","TOT","IDX2010","A","1984",76.034754,
"CAN","GDPHRWKD","TOT","IDX2010","A","1985",76.717287,
"CAN","GDPHRWKD","TOT","IDX2010","A","1986",76.061317,
"CAN","GDPHRWKD","TOT","IDX2010","A","1987",76.412437,
"CAN","GDPHRWKD","TOT","IDX2010","A","1988",77.144957,
"CAN","GDPHRWKD","TOT","IDX2010","A","1989",77.330349,
"CAN","GDPHRWKD","TOT","IDX2010","A","1990",77.242828,
"CAN","GDPHRWKD","TOT","IDX2010","A","1991",77.922193,
"CAN","GDPHRWKD","TOT","IDX2010","A","1992",79.516466,
"CAN","GDPHRWKD","TOT","IDX2010","A","1993",81.125268,
"CAN","GDPHRWKD","TOT","IDX2010","A","1994",82.738197,
"CAN","GDPHRWKD","TOT","IDX2010","A","1995",83.746775,
"CAN","GDPHRWKD","TOT","IDX2010","A","1996",83.562376,
"CAN","GDPHRWKD","TOT","IDX2010","A","1997",85.059065,
"CAN","GDPHRWKD","TOT","IDX2010","A","1998",86.649256,
"CAN","GDPHRWKD","TOT","IDX2010","A","1999",88.826607,
"CAN","GDPHRWKD","TOT","IDX2010","A","2000",91.627613,
"CAN","GDPHRWKD","TOT","IDX2010","A","2001",93.094767,
"CAN","GDPHRWKD","TOT","IDX2010","A","2002",94.603107,
"CAN","GDPHRWKD","TOT","IDX2010","A","2003",94.83785,
"CAN","GDPHRWKD","TOT","IDX2010","A","2004",95.640802,
"CAN","GDPHRWKD","TOT","IDX2010","A","2005",97.758512,
"CAN","GDPHRWKD","TOT","IDX2010","A","2006",98.799851,
"CAN","GDPHRWKD","TOT","IDX2010","A","2007",98.790504,
"CAN","GDPHRWKD","TOT","IDX2010","A","2008",98.516182,
"CAN","GDPHRWKD","TOT","IDX2010","A","2009",98.986391,
"CAN","GDPHRWKD","TOT","IDX2010","A","2010",100,
"CAN","GDPHRWKD","TOT","IDX2010","A","2011",101.63728,
"CAN","GDPHRWKD","TOT","IDX2010","A","2012",101.866822,
"CAN","GDPHRWKD","TOT","IDX2010","A","2013",103.220617,
"CAN","GDPHRWKD","TOT","IDX2010","A","2014",105.94171,
"CAN","GDPHRWKD","TOT","IDX2010","A","2015",105.677026,
"CAN","GDPHRWKD","TOT","IDX2010","A","2016",106.120413,
"CAN","GDPHRWKD","TOT","IDX2010","A","2017",107.943146,
"CAN","GDPHRWKD","TOT","IDX2010","A","2018",107.716184,
"CZE","GDPHRWKD","TOT","IDX2010","A","1993",59.902954,
"CZE","GDPHRWKD","TOT","IDX2010","A","1994",61.563083,
"CZE","GDPHRWKD","TOT","IDX2010","A","1995",64.291772,
"CZE","GDPHRWKD","TOT","IDX2010","A","1996",66.85296,
"CZE","GDPHRWKD","TOT","IDX2010","A","1997",66.738099,
"CZE","GDPHRWKD","TOT","IDX2010","A","1998",66.984264,
"CZE","GDPHRWKD","TOT","IDX2010","A","1999",68.849124,
"CZE","GDPHRWKD","TOT","IDX2010","A","2000",72.305554,
"CZE","GDPHRWKD","TOT","IDX2010","A","2001",77.777091,
"CZE","GDPHRWKD","TOT","IDX2010","A","2002",78.645327,
"CZE","GDPHRWKD","TOT","IDX2010","A","2003",82.601287,
"CZE","GDPHRWKD","TOT","IDX2010","A","2004",86.300934,
"CZE","GDPHRWKD","TOT","IDX2010","A","2005",90.192039,
"CZE","GDPHRWKD","TOT","IDX2010","A","2006",96.033788,
"CZE","GDPHRWKD","TOT","IDX2010","A","2007",100.164275,
"CZE","GDPHRWKD","TOT","IDX2010","A","2008",100.367255,
"CZE","GDPHRWKD","TOT","IDX2010","A","2009",97.893602,
"CZE","GDPHRWKD","TOT","IDX2010","A","2010",100,
"CZE","GDPHRWKD","TOT","IDX2010","A","2011",101.71025,
"CZE","GDPHRWKD","TOT","IDX2010","A","2012",102.143529,
"CZE","GDPHRWKD","TOT","IDX2010","A","2013",102.077197,
"CZE","GDPHRWKD","TOT","IDX2010","A","2014",103.467311,
"CZE","GDPHRWKD","TOT","IDX2010","A","2015",108.685622,
"CZE","GDPHRWKD","TOT","IDX2010","A","2016",108.228042,
"CZE","GDPHRWKD","TOT","IDX2010","A","2017",110.846595,
"CZE","GDPHRWKD","TOT","IDX2010","A","2018",112.461583,
"DNK","GDPHRWKD","TOT","IDX2010","A","1970",41.664232,
"DNK","GDPHRWKD","TOT","IDX2010","A","1971",43.779127,
"DNK","GDPHRWKD","TOT","IDX2010","A","1972",46.104144,
"DNK","GDPHRWKD","TOT","IDX2010","A","1973",48.618934,
"DNK","GDPHRWKD","TOT","IDX2010","A","1974",48.930602,
"DNK","GDPHRWKD","TOT","IDX2010","A","1975",50.941521,
"DNK","GDPHRWKD","TOT","IDX2010","A","1976",52.823436,
"DNK","GDPHRWKD","TOT","IDX2010","A","1977",54.781496,
"DNK","GDPHRWKD","TOT","IDX2010","A","1978",56.352484,
"DNK","GDPHRWKD","TOT","IDX2010","A","1979",58.292485,
"DNK","GDPHRWKD","TOT","IDX2010","A","1980",57.843043,
"DNK","GDPHRWKD","TOT","IDX2010","A","1981",59.545696,
"DNK","GDPHRWKD","TOT","IDX2010","A","1982",61.207496,
"DNK","GDPHRWKD","TOT","IDX2010","A","1983",63.031059,
"DNK","GDPHRWKD","TOT","IDX2010","A","1984",64.936425,
"DNK","GDPHRWKD","TOT","IDX2010","A","1985",66.578672,
"DNK","GDPHRWKD","TOT","IDX2010","A","1986",68.022125,
"DNK","GDPHRWKD","TOT","IDX2010","A","1987",69.403593,
"DNK","GDPHRWKD","TOT","IDX2010","A","1988",70.765588,
"DNK","GDPHRWKD","TOT","IDX2010","A","1989",72.24701,
"DNK","GDPHRWKD","TOT","IDX2010","A","1990",74.361153,
"DNK","GDPHRWKD","TOT","IDX2010","A","1991",76.30489,
"DNK","GDPHRWKD","TOT","IDX2010","A","1992",77.61868,
"DNK","GDPHRWKD","TOT","IDX2010","A","1993",79.101447,
"DNK","GDPHRWKD","TOT","IDX2010","A","1994",84.151532,
"DNK","GDPHRWKD","TOT","IDX2010","A","1995",85.403802,
"DNK","GDPHRWKD","TOT","IDX2010","A","1996",87.439966,
"DNK","GDPHRWKD","TOT","IDX2010","A","1997",88.073757,
"DNK","GDPHRWKD","TOT","IDX2010","A","1998",87.972308,
"DNK","GDPHRWKD","TOT","IDX2010","A","1999",88.868329,
"DNK","GDPHRWKD","TOT","IDX2010","A","2000",90.926831,
"DNK","GDPHRWKD","TOT","IDX2010","A","2001",90.605822,
"DNK","GDPHRWKD","TOT","IDX2010","A","2002",91.350758,
"DNK","GDPHRWKD","TOT","IDX2010","A","2003",92.85839,
"DNK","GDPHRWKD","TOT","IDX2010","A","2004",95.823565,
"DNK","GDPHRWKD","TOT","IDX2010","A","2005",97.135281,
"DNK","GDPHRWKD","TOT","IDX2010","A","2006",98.415417,
"DNK","GDPHRWKD","TOT","IDX2010","A","2007",98.596926,
"DNK","GDPHRWKD","TOT","IDX2010","A","2008",97.129084,
"DNK","GDPHRWKD","TOT","IDX2010","A","2009",96.233833,
"DNK","GDPHRWKD","TOT","IDX2010","A","2010",100,
"DNK","GDPHRWKD","TOT","IDX2010","A","2011",100.346254,
"DNK","GDPHRWKD","TOT","IDX2010","A","2012",102.264117,
"DNK","GDPHRWKD","TOT","IDX2010","A","2013",103.068264,
"DNK","GDPHRWKD","TOT","IDX2010","A","2014",104.700969,
"DNK","GDPHRWKD","TOT","IDX2010","A","2015",106.196093,
"DNK","GDPHRWKD","TOT","IDX2010","A","2016",106.742312,
"DNK","GDPHRWKD","TOT","IDX2010","A","2017",107.957032,
"DNK","GDPHRWKD","TOT","IDX2010","A","2018",108.629371,
"FIN","GDPHRWKD","TOT","IDX2010","A","1970",31.341677,
"FIN","GDPHRWKD","TOT","IDX2010","A","1971",32.888138,
"FIN","GDPHRWKD","TOT","IDX2010","A","1972",35.395458,
"FIN","GDPHRWKD","TOT","IDX2010","A","1973",37.474665,
"FIN","GDPHRWKD","TOT","IDX2010","A","1974",38.685341,
"FIN","GDPHRWKD","TOT","IDX2010","A","1975",39.759494,
"FIN","GDPHRWKD","TOT","IDX2010","A","1976",40.330592,
"FIN","GDPHRWKD","TOT","IDX2010","A","1977",41.357675,
"FIN","GDPHRWKD","TOT","IDX2010","A","1978",42.847438,
"FIN","GDPHRWKD","TOT","IDX2010","A","1979",45.495098,
"FIN","GDPHRWKD","TOT","IDX2010","A","1980",47.092214,
"FIN","GDPHRWKD","TOT","IDX2010","A","1981",46.97665,
"FIN","GDPHRWKD","TOT","IDX2010","A","1982",48.270486,
"FIN","GDPHRWKD","TOT","IDX2010","A","1983",50.047932,
"FIN","GDPHRWKD","TOT","IDX2010","A","1984",51.609486,
"FIN","GDPHRWKD","TOT","IDX2010","A","1985",53.349302,
"FIN","GDPHRWKD","TOT","IDX2010","A","1986",55.622185,
"FIN","GDPHRWKD","TOT","IDX2010","A","1987",57.112123,
"FIN","GDPHRWKD","TOT","IDX2010","A","1988",59.210498,
"FIN","GDPHRWKD","TOT","IDX2010","A","1989",61.782186,
"FIN","GDPHRWKD","TOT","IDX2010","A","1990",63.690561,
"FIN","GDPHRWKD","TOT","IDX2010","A","1991",64.261289,
"FIN","GDPHRWKD","TOT","IDX2010","A","1992",66.630151,
"FIN","GDPHRWKD","TOT","IDX2010","A","1993",70.255824,
"FIN","GDPHRWKD","TOT","IDX2010","A","1994",73.220657,
"FIN","GDPHRWKD","TOT","IDX2010","A","1995",74.923059,
"FIN","GDPHRWKD","TOT","IDX2010","A","1996",76.613393,
"FIN","GDPHRWKD","TOT","IDX2010","A","1997",79.168992,
"FIN","GDPHRWKD","TOT","IDX2010","A","1998",82.431073,
"FIN","GDPHRWKD","TOT","IDX2010","A","1999",83.850448,
"FIN","GDPHRWKD","TOT","IDX2010","A","2000",87.416634,
"FIN","GDPHRWKD","TOT","IDX2010","A","2001",89.413528,
"FIN","GDPHRWKD","TOT","IDX2010","A","2002",90.379839,
"FIN","GDPHRWKD","TOT","IDX2010","A","2003",92.50546,
"FIN","GDPHRWKD","TOT","IDX2010","A","2004",95.535858,
"FIN","GDPHRWKD","TOT","IDX2010","A","2005",97.221716,
"FIN","GDPHRWKD","TOT","IDX2010","A","2006",99.596744,
"FIN","GDPHRWKD","TOT","IDX2010","A","2007",102.702183,
"FIN","GDPHRWKD","TOT","IDX2010","A","2008",101.567556,
"FIN","GDPHRWKD","TOT","IDX2010","A","2009",96.852718,
"FIN","GDPHRWKD","TOT","IDX2010","A","2010",100,
"FIN","GDPHRWKD","TOT","IDX2010","A","2011",101.597321,
"FIN","GDPHRWKD","TOT","IDX2010","A","2012",100.032547,
"FIN","GDPHRWKD","TOT","IDX2010","A","2013",100.62235,
"FIN","GDPHRWKD","TOT","IDX2010","A","2014",100.662141,
"FIN","GDPHRWKD","TOT","IDX2010","A","2015",101.238666,
"FIN","GDPHRWKD","TOT","IDX2010","A","2016",103.772584,
"FIN","GDPHRWKD","TOT","IDX2010","A","2017",106.100525,
"FIN","GDPHRWKD","TOT","IDX2010","A","2018",105.314024,
"FRA","GDPHRWKD","TOT","IDX2010","A","1970",38.242956,
"FRA","GDPHRWKD","TOT","IDX2010","A","1971",40.144094,
"FRA","GDPHRWKD","TOT","IDX2010","A","1972",42.84352,
"FRA","GDPHRWKD","TOT","IDX2010","A","1973",45.31727,
"FRA","GDPHRWKD","TOT","IDX2010","A","1974",47.628019,
"FRA","GDPHRWKD","TOT","IDX2010","A","1975",48.19968,
"FRA","GDPHRWKD","TOT","IDX2010","A","1976",49.190519,
"FRA","GDPHRWKD","TOT","IDX2010","A","1977",51.497606,
"FRA","GDPHRWKD","TOT","IDX2010","A","1978",54.144275,
"FRA","GDPHRWKD","TOT","IDX2010","A","1979",55.79768,
"FRA","GDPHRWKD","TOT","IDX2010","A","1980",56.714617,
"FRA","GDPHRWKD","TOT","IDX2010","A","1981",58.039454,
"FRA","GDPHRWKD","TOT","IDX2010","A","1982",61.803493,
"FRA","GDPHRWKD","TOT","IDX2010","A","1983",63.306932,
"FRA","GDPHRWKD","TOT","IDX2010","A","1984",64.850343,
"FRA","GDPHRWKD","TOT","IDX2010","A","1985",67.456748,
"FRA","GDPHRWKD","TOT","IDX2010","A","1986",68.946175,
"FRA","GDPHRWKD","TOT","IDX2010","A","1987",69.626067,
"FRA","GDPHRWKD","TOT","IDX2010","A","1988",71.874595,
"FRA","GDPHRWKD","TOT","IDX2010","A","1989",74.436383,
"FRA","GDPHRWKD","TOT","IDX2010","A","1990",76.221734,
"FRA","GDPHRWKD","TOT","IDX2010","A","1991",77.176754,
"FRA","GDPHRWKD","TOT","IDX2010","A","1992",79.034333,
"FRA","GDPHRWKD","TOT","IDX2010","A","1993",79.7698,
"FRA","GDPHRWKD","TOT","IDX2010","A","1994",81.415771,
"FRA","GDPHRWKD","TOT","IDX2010","A","1995",83.440269,
"FRA","GDPHRWKD","TOT","IDX2010","A","1996",84.349457,
"FRA","GDPHRWKD","TOT","IDX2010","A","1997",85.745134,
"FRA","GDPHRWKD","TOT","IDX2010","A","1998",87.866088,
"FRA","GDPHRWKD","TOT","IDX2010","A","1999",89.132277,
"FRA","GDPHRWKD","TOT","IDX2010","A","2000",91.49308,
"FRA","GDPHRWKD","TOT","IDX2010","A","2001",93.204922,
"FRA","GDPHRWKD","TOT","IDX2010","A","2002",95.925989,
"FRA","GDPHRWKD","TOT","IDX2010","A","2003",96.473494,
"FRA","GDPHRWKD","TOT","IDX2010","A","2004",97.539652,
"FRA","GDPHRWKD","TOT","IDX2010","A","2005",98.405401,
"FRA","GDPHRWKD","TOT","IDX2010","A","2006",100.855351,
"FRA","GDPHRWKD","TOT","IDX2010","A","2007",100.382673,
"FRA","GDPHRWKD","TOT","IDX2010","A","2008",99.742223,
"FRA","GDPHRWKD","TOT","IDX2010","A","2009",98.722057,
"FRA","GDPHRWKD","TOT","IDX2010","A","2010",100,
"FRA","GDPHRWKD","TOT","IDX2010","A","2011",101.001301,
"FRA","GDPHRWKD","TOT","IDX2010","A","2012",101.331298,
"FRA","GDPHRWKD","TOT","IDX2010","A","2013",102.703585,
"FRA","GDPHRWKD","TOT","IDX2010","A","2014",103.691799,
"FRA","GDPHRWKD","TOT","IDX2010","A","2015",104.533053,
"FRA","GDPHRWKD","TOT","IDX2010","A","2016",104.825146,
"FRA","GDPHRWKD","TOT","IDX2010","A","2017",107.313166,
"FRA","GDPHRWKD","TOT","IDX2010","A","2018",108.824436,
"DEU","GDPHRWKD","TOT","IDX2010","A","1970",39.585579,
"DEU","GDPHRWKD","TOT","IDX2010","A","1971",41.313202,
"DEU","GDPHRWKD","TOT","IDX2010","A","1972",43.37186,
"DEU","GDPHRWKD","TOT","IDX2010","A","1973",45.584253,
"DEU","GDPHRWKD","TOT","IDX2010","A","1974",47.424565,
"DEU","GDPHRWKD","TOT","IDX2010","A","1975",49.20891,
"DEU","GDPHRWKD","TOT","IDX2010","A","1976",51.503169,
"DEU","GDPHRWKD","TOT","IDX2010","A","1977",53.624124,
"DEU","GDPHRWKD","TOT","IDX2010","A","1978",55.279573,
"DEU","GDPHRWKD","TOT","IDX2010","A","1979",56.862403,
"DEU","GDPHRWKD","TOT","IDX2010","A","1980",57.341121,
"DEU","GDPHRWKD","TOT","IDX2010","A","1981",58.29441,
"DEU","GDPHRWKD","TOT","IDX2010","A","1982",58.897553,
"DEU","GDPHRWKD","TOT","IDX2010","A","1983",60.830001,
"DEU","GDPHRWKD","TOT","IDX2010","A","1984",62.436636,
"DEU","GDPHRWKD","TOT","IDX2010","A","1985",63.877308,
"DEU","GDPHRWKD","TOT","IDX2010","A","1986",64.845197,
"DEU","GDPHRWKD","TOT","IDX2010","A","1987",65.732232,
"DEU","GDPHRWKD","TOT","IDX2010","A","1988",67.427822,
"DEU","GDPHRWKD","TOT","IDX2010","A","1989",69.774358,
"DEU","GDPHRWKD","TOT","IDX2010","A","1990",72.239878,
"DEU","GDPHRWKD","TOT","IDX2010","A","1991",74.75145,
"DEU","GDPHRWKD","TOT","IDX2010","A","1992",76.646137,
"DEU","GDPHRWKD","TOT","IDX2010","A","1993",78.066213,
"DEU","GDPHRWKD","TOT","IDX2010","A","1994",80.18419,
"DEU","GDPHRWKD","TOT","IDX2010","A","1995",81.726595,
"DEU","GDPHRWKD","TOT","IDX2010","A","1996",83.324551,
"DEU","GDPHRWKD","TOT","IDX2010","A","1997",85.529018,
"DEU","GDPHRWKD","TOT","IDX2010","A","1998",86.527296,
"DEU","GDPHRWKD","TOT","IDX2010","A","1999",87.708508,
"DEU","GDPHRWKD","TOT","IDX2010","A","2000",89.926302,
"DEU","GDPHRWKD","TOT","IDX2010","A","2001",92.341573,
"DEU","GDPHRWKD","TOT","IDX2010","A","2002",93.474978,
"DEU","GDPHRWKD","TOT","IDX2010","A","2003",94.23223,
"DEU","GDPHRWKD","TOT","IDX2010","A","2004",95.17113,
"DEU","GDPHRWKD","TOT","IDX2010","A","2005",96.613922,
"DEU","GDPHRWKD","TOT","IDX2010","A","2006",98.473053,
"DEU","GDPHRWKD","TOT","IDX2010","A","2007",99.966559,
"DEU","GDPHRWKD","TOT","IDX2010","A","2008",100.153984,
"DEU","GDPHRWKD","TOT","IDX2010","A","2009",97.586251,
"DEU","GDPHRWKD","TOT","IDX2010","A","2010",100,
"DEU","GDPHRWKD","TOT","IDX2010","A","2011",102.056115,
"DEU","GDPHRWKD","TOT","IDX2010","A","2012",102.689448,
"DEU","GDPHRWKD","TOT","IDX2010","A","2013",103.491032,
"DEU","GDPHRWKD","TOT","IDX2010","A","2014",104.550388,
"DEU","GDPHRWKD","TOT","IDX2010","A","2015",105.160511,
"DEU","GDPHRWKD","TOT","IDX2010","A","2016",106.650745,
"DEU","GDPHRWKD","TOT","IDX2010","A","2017",107.603494,
"DEU","GDPHRWKD","TOT","IDX2010","A","2018",107.593534,
"GRC","GDPHRWKD","TOT","IDX2010","A","1983",67.986507,
"GRC","GDPHRWKD","TOT","IDX2010","A","1984",71.921624,
"GRC","GDPHRWKD","TOT","IDX2010","A","1985",71.281642,
"GRC","GDPHRWKD","TOT","IDX2010","A","1986",71.828608,
"GRC","GDPHRWKD","TOT","IDX2010","A","1987",71.723191,
"GRC","GDPHRWKD","TOT","IDX2010","A","1988",74.018764,
"GRC","GDPHRWKD","TOT","IDX2010","A","1989",74.954137,
"GRC","GDPHRWKD","TOT","IDX2010","A","1990",74.800994,
"GRC","GDPHRWKD","TOT","IDX2010","A","1991",77.376043,
"GRC","GDPHRWKD","TOT","IDX2010","A","1992",75.79982,
"GRC","GDPHRWKD","TOT","IDX2010","A","1993",73.258405,
"GRC","GDPHRWKD","TOT","IDX2010","A","1994",74.540221,
"GRC","GDPHRWKD","TOT","IDX2010","A","1995",76.09905,
"GRC","GDPHRWKD","TOT","IDX2010","A","1996",78.764678,
"GRC","GDPHRWKD","TOT","IDX2010","A","1997",82.703163,
"GRC","GDPHRWKD","TOT","IDX2010","A","1998",82.26751,
"GRC","GDPHRWKD","TOT","IDX2010","A","1999",84.893436,
"GRC","GDPHRWKD","TOT","IDX2010","A","2000",87.845588,
"GRC","GDPHRWKD","TOT","IDX2010","A","2001",91.417522,
"GRC","GDPHRWKD","TOT","IDX2010","A","2002",93.105225,
"GRC","GDPHRWKD","TOT","IDX2010","A","2003",97.20367,
"GRC","GDPHRWKD","TOT","IDX2010","A","2004",100.169099,
"GRC","GDPHRWKD","TOT","IDX2010","A","2005",97.301574,
"GRC","GDPHRWKD","TOT","IDX2010","A","2006",101.512565,
"GRC","GDPHRWKD","TOT","IDX2010","A","2007",104.159679,
"GRC","GDPHRWKD","TOT","IDX2010","A","2008",102.703807,
"GRC","GDPHRWKD","TOT","IDX2010","A","2009",100.035145,
"GRC","GDPHRWKD","TOT","IDX2010","A","2010",100,
"GRC","GDPHRWKD","TOT","IDX2010","A","2011",96.728324,
"GRC","GDPHRWKD","TOT","IDX2010","A","2012",94.880526,
"GRC","GDPHRWKD","TOT","IDX2010","A","2013",94.082645,
"GRC","GDPHRWKD","TOT","IDX2010","A","2014",95.703851,
"GRC","GDPHRWKD","TOT","IDX2010","A","2015",94.113425,
"GRC","GDPHRWKD","TOT","IDX2010","A","2016",93.545021,
"GRC","GDPHRWKD","TOT","IDX2010","A","2017",92.840298,
"GRC","GDPHRWKD","TOT","IDX2010","A","2018",93.049659,
"HUN","GDPHRWKD","TOT","IDX2010","A","1991",47.604456,
"HUN","GDPHRWKD","TOT","IDX2010","A","1992",51.526248,
"HUN","GDPHRWKD","TOT","IDX2010","A","1993",54.656564,
"HUN","GDPHRWKD","TOT","IDX2010","A","1994",53.637763,
"HUN","GDPHRWKD","TOT","IDX2010","A","1995",61.97495,"B"
"HUN","GDPHRWKD","TOT","IDX2010","A","1996",62.120533,
"HUN","GDPHRWKD","TOT","IDX2010","A","1997",63.341638,
"HUN","GDPHRWKD","TOT","IDX2010","A","1998",65.028383,
"HUN","GDPHRWKD","TOT","IDX2010","A","1999",64.722468,
"HUN","GDPHRWKD","TOT","IDX2010","A","2000",67.02955,
"HUN","GDPHRWKD","TOT","IDX2010","A","2001",71.096421,
"HUN","GDPHRWKD","TOT","IDX2010","A","2002",73.932374,
"HUN","GDPHRWKD","TOT","IDX2010","A","2003",77.829739,
"HUN","GDPHRWKD","TOT","IDX2010","A","2004",82.184112,
"HUN","GDPHRWKD","TOT","IDX2010","A","2005",86.008518,
"HUN","GDPHRWKD","TOT","IDX2010","A","2006",89.090365,
"HUN","GDPHRWKD","TOT","IDX2010","A","2007",89.562746,
"HUN","GDPHRWKD","TOT","IDX2010","A","2008",91.990922,
"HUN","GDPHRWKD","TOT","IDX2010","A","2009",88.953341,
"HUN","GDPHRWKD","TOT","IDX2010","A","2010",100,"B"
"HUN","GDPHRWKD","TOT","IDX2010","A","2011",102.062344,
"HUN","GDPHRWKD","TOT","IDX2010","A","2012",101.376421,
"HUN","GDPHRWKD","TOT","IDX2010","A","2013",102.691312,
"HUN","GDPHRWKD","TOT","IDX2010","A","2014",101.678627,
"HUN","GDPHRWKD","TOT","IDX2010","A","2015",102.967724,
"HUN","GDPHRWKD","TOT","IDX2010","A","2016",101.538651,
"HUN","GDPHRWKD","TOT","IDX2010","A","2017",104.766412,
"HUN","GDPHRWKD","TOT","IDX2010","A","2018",109.338778,
"ISL","GDPHRWKD","TOT","IDX2010","A","1970",34.004954,
"ISL","GDPHRWKD","TOT","IDX2010","A","1971",37.432597,
"ISL","GDPHRWKD","TOT","IDX2010","A","1972",39.293878,
"ISL","GDPHRWKD","TOT","IDX2010","A","1973",41.231633,
"ISL","GDPHRWKD","TOT","IDX2010","A","1974",42.731172,
"ISL","GDPHRWKD","TOT","IDX2010","A","1975",42.790763,
"ISL","GDPHRWKD","TOT","IDX2010","A","1976",44.547943,
"ISL","GDPHRWKD","TOT","IDX2010","A","1977",49.45109,
"ISL","GDPHRWKD","TOT","IDX2010","A","1978",52.0134,
"ISL","GDPHRWKD","TOT","IDX2010","A","1979",54.581586,
"ISL","GDPHRWKD","TOT","IDX2010","A","1980",56.304562,
"ISL","GDPHRWKD","TOT","IDX2010","A","1981",56.00534,
"ISL","GDPHRWKD","TOT","IDX2010","A","1982",55.702307,
"ISL","GDPHRWKD","TOT","IDX2010","A","1983",54.008266,
"ISL","GDPHRWKD","TOT","IDX2010","A","1984",55.531607,
"ISL","GDPHRWKD","TOT","IDX2010","A","1985",55.376088,
"ISL","GDPHRWKD","TOT","IDX2010","A","1986",57.301746,
"ISL","GDPHRWKD","TOT","IDX2010","A","1987",58.852025,
"ISL","GDPHRWKD","TOT","IDX2010","A","1988",60.324401,
"ISL","GDPHRWKD","TOT","IDX2010","A","1989",61.536779,
"ISL","GDPHRWKD","TOT","IDX2010","A","1990",63.219299,
"ISL","GDPHRWKD","TOT","IDX2010","A","1991",62.980391,
"ISL","GDPHRWKD","TOT","IDX2010","A","1992",60.855499,
"ISL","GDPHRWKD","TOT","IDX2010","A","1993",61.256195,
"ISL","GDPHRWKD","TOT","IDX2010","A","1994",64.028625,
"ISL","GDPHRWKD","TOT","IDX2010","A","1995",62.763602,
"ISL","GDPHRWKD","TOT","IDX2010","A","1996",64.861558,
"ISL","GDPHRWKD","TOT","IDX2010","A","1997",67.565199,
"ISL","GDPHRWKD","TOT","IDX2010","A","1998",70.267016,
"ISL","GDPHRWKD","TOT","IDX2010","A","1999",71.388046,
"ISL","GDPHRWKD","TOT","IDX2010","A","2000",71.201291,
"ISL","GDPHRWKD","TOT","IDX2010","A","2001",72.303325,
"ISL","GDPHRWKD","TOT","IDX2010","A","2002",75.384335,
"ISL","GDPHRWKD","TOT","IDX2010","A","2003",78.453835,
"ISL","GDPHRWKD","TOT","IDX2010","A","2004",84.757259,
"ISL","GDPHRWKD","TOT","IDX2010","A","2005",87.703499,
"ISL","GDPHRWKD","TOT","IDX2010","A","2006",88.405666,
"ISL","GDPHRWKD","TOT","IDX2010","A","2007",93.73587,
"ISL","GDPHRWKD","TOT","IDX2010","A","2008",94.747007,
"ISL","GDPHRWKD","TOT","IDX2010","A","2009",101.673471,
"ISL","GDPHRWKD","TOT","IDX2010","A","2010",100,
"ISL","GDPHRWKD","TOT","IDX2010","A","2011",100.150329,
"ISL","GDPHRWKD","TOT","IDX2010","A","2012",100.500358,
"ISL","GDPHRWKD","TOT","IDX2010","A","2013",102.089171,
"ISL","GDPHRWKD","TOT","IDX2010","A","2014",102.417635,
"ISL","GDPHRWKD","TOT","IDX2010","A","2015",104.406218,
"ISL","GDPHRWKD","TOT","IDX2010","A","2016",107.42669,
"ISL","GDPHRWKD","TOT","IDX2010","A","2017",108.721799,
"ISL","GDPHRWKD","TOT","IDX2010","A","2018",111.642161,
"IRL","GDPHRWKD","TOT","IDX2010","A","1970",21.588565,
"IRL","GDPHRWKD","TOT","IDX2010","A","1971",22.245986,
"IRL","GDPHRWKD","TOT","IDX2010","A","1972",24.195072,
"IRL","GDPHRWKD","TOT","IDX2010","A","1973",25.118566,
"IRL","GDPHRWKD","TOT","IDX2010","A","1974",26.243418,
"IRL","GDPHRWKD","TOT","IDX2010","A","1975",28.069004,
"IRL","GDPHRWKD","TOT","IDX2010","A","1976",28.787974,
"IRL","GDPHRWKD","TOT","IDX2010","A","1977",30.59791,
"IRL","GDPHRWKD","TOT","IDX2010","A","1978",32.727948,
"IRL","GDPHRWKD","TOT","IDX2010","A","1979",32.416699,
"IRL","GDPHRWKD","TOT","IDX2010","A","1980",34.347804,
"IRL","GDPHRWKD","TOT","IDX2010","A","1981",36.129087,
"IRL","GDPHRWKD","TOT","IDX2010","A","1982",37.232602,
"IRL","GDPHRWKD","TOT","IDX2010","A","1983",37.655713,
"IRL","GDPHRWKD","TOT","IDX2010","A","1984",40.382225,
"IRL","GDPHRWKD","TOT","IDX2010","A","1985",41.668473,
"IRL","GDPHRWKD","TOT","IDX2010","A","1986",41.057741,
"IRL","GDPHRWKD","TOT","IDX2010","A","1987",43.142461,
"IRL","GDPHRWKD","TOT","IDX2010","A","1988",45.19482,
"IRL","GDPHRWKD","TOT","IDX2010","A","1989",47.71071,
"IRL","GDPHRWKD","TOT","IDX2010","A","1990",49.855593,
"IRL","GDPHRWKD","TOT","IDX2010","A","1991",51.858577,
"IRL","GDPHRWKD","TOT","IDX2010","A","1992",54.457786,
"IRL","GDPHRWKD","TOT","IDX2010","A","1993",55.833277,
"IRL","GDPHRWKD","TOT","IDX2010","A","1994",57.187181,
"IRL","GDPHRWKD","TOT","IDX2010","A","1995",60.005824,
"IRL","GDPHRWKD","TOT","IDX2010","A","1996",62.428509,
"IRL","GDPHRWKD","TOT","IDX2010","A","1997",66.611313,
"IRL","GDPHRWKD","TOT","IDX2010","A","1998",67.962012,
"IRL","GDPHRWKD","TOT","IDX2010","A","1999",70.946632,
"IRL","GDPHRWKD","TOT","IDX2010","A","2000",74.669144,
"IRL","GDPHRWKD","TOT","IDX2010","A","2001",76.602111,
"IRL","GDPHRWKD","TOT","IDX2010","A","2002",80.688157,
"IRL","GDPHRWKD","TOT","IDX2010","A","2003",82.366672,
"IRL","GDPHRWKD","TOT","IDX2010","A","2004",85.541187,
"IRL","GDPHRWKD","TOT","IDX2010","A","2005",85.820559,
"IRL","GDPHRWKD","TOT","IDX2010","A","2006",86.389648,
"IRL","GDPHRWKD","TOT","IDX2010","A","2007",87.827416,
"IRL","GDPHRWKD","TOT","IDX2010","A","2008",85.387062,
"IRL","GDPHRWKD","TOT","IDX2010","A","2009",89.503525,
"IRL","GDPHRWKD","TOT","IDX2010","A","2010",100,"B"
"IRL","GDPHRWKD","TOT","IDX2010","A","2011",101.636455,
"IRL","GDPHRWKD","TOT","IDX2010","A","2012",102.347473,
"IRL","GDPHRWKD","TOT","IDX2010","A","2013",100.435699,
"IRL","GDPHRWKD","TOT","IDX2010","A","2014",105.343945,
"IRL","GDPHRWKD","TOT","IDX2010","A","2015",126.273341,
"IRL","GDPHRWKD","TOT","IDX2010","A","2016",126.774384,
"IRL","GDPHRWKD","TOT","IDX2010","A","2017",132.202588,
"IRL","GDPHRWKD","TOT","IDX2010","A","2018",137.786758,
"ITA","GDPHRWKD","TOT","IDX2010","A","1970",48.193728,
"ITA","GDPHRWKD","TOT","IDX2010","A","1971",50.348205,
"ITA","GDPHRWKD","TOT","IDX2010","A","1972",52.842434,
"ITA","GDPHRWKD","TOT","IDX2010","A","1973",56.281335,
"ITA","GDPHRWKD","TOT","IDX2010","A","1974",59.397715,
"ITA","GDPHRWKD","TOT","IDX2010","A","1975",58.584274,
"ITA","GDPHRWKD","TOT","IDX2010","A","1976",62.198226,
"ITA","GDPHRWKD","TOT","IDX2010","A","1977",64.779494,
"ITA","GDPHRWKD","TOT","IDX2010","A","1978",67.016925,
"ITA","GDPHRWKD","TOT","IDX2010","A","1979",70.477055,
"ITA","GDPHRWKD","TOT","IDX2010","A","1980",71.815463,
"ITA","GDPHRWKD","TOT","IDX2010","A","1981",72.236102,
"ITA","GDPHRWKD","TOT","IDX2010","A","1982",71.946116,
"ITA","GDPHRWKD","TOT","IDX2010","A","1983",72.581539,
"ITA","GDPHRWKD","TOT","IDX2010","A","1984",75.344081,
"ITA","GDPHRWKD","TOT","IDX2010","A","1985",76.87042,
"ITA","GDPHRWKD","TOT","IDX2010","A","1986",78.173879,
"ITA","GDPHRWKD","TOT","IDX2010","A","1987",79.669573,
"ITA","GDPHRWKD","TOT","IDX2010","A","1988",81.970567,
"ITA","GDPHRWKD","TOT","IDX2010","A","1989",84.885754,
"ITA","GDPHRWKD","TOT","IDX2010","A","1990",85.703358,
"ITA","GDPHRWKD","TOT","IDX2010","A","1991",85.743008,
"ITA","GDPHRWKD","TOT","IDX2010","A","1992",86.942947,
"ITA","GDPHRWKD","TOT","IDX2010","A","1993",88.587444,
"ITA","GDPHRWKD","TOT","IDX2010","A","1994",92.308533,
"ITA","GDPHRWKD","TOT","IDX2010","A","1995",95.045129,
"ITA","GDPHRWKD","TOT","IDX2010","A","1996",95.171251,
"ITA","GDPHRWKD","TOT","IDX2010","A","1997",96.925319,
"ITA","GDPHRWKD","TOT","IDX2010","A","1998",96.798646,
"ITA","GDPHRWKD","TOT","IDX2010","A","1999",97.421926,
"ITA","GDPHRWKD","TOT","IDX2010","A","2000",100.150874,
"ITA","GDPHRWKD","TOT","IDX2010","A","2001",100.672664,
"ITA","GDPHRWKD","TOT","IDX2010","A","2002",99.863239,
"ITA","GDPHRWKD","TOT","IDX2010","A","2003",99.152926,
"ITA","GDPHRWKD","TOT","IDX2010","A","2004",100.140151,
"ITA","GDPHRWKD","TOT","IDX2010","A","2005",100.709455,
"ITA","GDPHRWKD","TOT","IDX2010","A","2006",100.716996,
"ITA","GDPHRWKD","TOT","IDX2010","A","2007",100.635201,
"ITA","GDPHRWKD","TOT","IDX2010","A","2008",99.976324,
"ITA","GDPHRWKD","TOT","IDX2010","A","2009",97.799705,
"ITA","GDPHRWKD","TOT","IDX2010","A","2010",100,
"ITA","GDPHRWKD","TOT","IDX2010","A","2011",100.492032,
"ITA","GDPHRWKD","TOT","IDX2010","A","2012",100.174131,
"ITA","GDPHRWKD","TOT","IDX2010","A","2013",101.08686,
"ITA","GDPHRWKD","TOT","IDX2010","A","2014",101.272346,
"ITA","GDPHRWKD","TOT","IDX2010","A","2015",101.49606,
"ITA","GDPHRWKD","TOT","IDX2010","A","2016",101.058858,
"ITA","GDPHRWKD","TOT","IDX2010","A","2017",101.73614,
"ITA","GDPHRWKD","TOT","IDX2010","A","2018",101.506492,
"JPN","GDPHRWKD","TOT","IDX2010","A","1970",31.660806,
"JPN","GDPHRWKD","TOT","IDX2010","A","1971",32.975145,
"JPN","GDPHRWKD","TOT","IDX2010","A","1972",35.740211,
"JPN","GDPHRWKD","TOT","IDX2010","A","1973",38.221156,
"JPN","GDPHRWKD","TOT","IDX2010","A","1974",39.047733,
"JPN","GDPHRWKD","TOT","IDX2010","A","1975",40.831848,
"JPN","GDPHRWKD","TOT","IDX2010","A","1976",41.79372,
"JPN","GDPHRWKD","TOT","IDX2010","A","1977",43.09115,
"JPN","GDPHRWKD","TOT","IDX2010","A","1978",45.051685,
"JPN","GDPHRWKD","TOT","IDX2010","A","1979",46.972239,
"JPN","GDPHRWKD","TOT","IDX2010","A","1980",48.077003,
"JPN","GDPHRWKD","TOT","IDX2010","A","1981",50.075987,
"JPN","GDPHRWKD","TOT","IDX2010","A","1982",51.364189,
"JPN","GDPHRWKD","TOT","IDX2010","A","1983",52.605933,
"JPN","GDPHRWKD","TOT","IDX2010","A","1984",54.449803,
"JPN","GDPHRWKD","TOT","IDX2010","A","1985",57.398906,
"JPN","GDPHRWKD","TOT","IDX2010","A","1986",58.894075,
"JPN","GDPHRWKD","TOT","IDX2010","A","1987",61.466085,
"JPN","GDPHRWKD","TOT","IDX2010","A","1988",65.007314,
"JPN","GDPHRWKD","TOT","IDX2010","A","1989",67.889463,
"JPN","GDPHRWKD","TOT","IDX2010","A","1990",71.387154,
"JPN","GDPHRWKD","TOT","IDX2010","A","1991",73.550465,
"JPN","GDPHRWKD","TOT","IDX2010","A","1992",74.578336,
"JPN","GDPHRWKD","TOT","IDX2010","A","1993",76.240284,
"JPN","GDPHRWKD","TOT","IDX2010","A","1994",77.194403,
"JPN","GDPHRWKD","TOT","IDX2010","A","1995",79.625943,
"JPN","GDPHRWKD","TOT","IDX2010","A","1996",81.665818,
"JPN","GDPHRWKD","TOT","IDX2010","A","1997",83.141499,
"JPN","GDPHRWKD","TOT","IDX2010","A","1998",84.193881,
"JPN","GDPHRWKD","TOT","IDX2010","A","1999",86.627772,
"JPN","GDPHRWKD","TOT","IDX2010","A","2000",89.14667,
"JPN","GDPHRWKD","TOT","IDX2010","A","2001",90.433465,
"JPN","GDPHRWKD","TOT","IDX2010","A","2002",92.169896,
"JPN","GDPHRWKD","TOT","IDX2010","A","2003",93.477245,
"JPN","GDPHRWKD","TOT","IDX2010","A","2004",95.63376,
"JPN","GDPHRWKD","TOT","IDX2010","A","2005",97.102924,
"JPN","GDPHRWKD","TOT","IDX2010","A","2006",97.304897,
"JPN","GDPHRWKD","TOT","IDX2010","A","2007",98.081732,
"JPN","GDPHRWKD","TOT","IDX2010","A","2008",97.92474,
"JPN","GDPHRWKD","TOT","IDX2010","A","2009",96.836779,
"JPN","GDPHRWKD","TOT","IDX2010","A","2010",100,
"JPN","GDPHRWKD","TOT","IDX2010","A","2011",100.233283,
"JPN","GDPHRWKD","TOT","IDX2010","A","2012",101.170467,
"JPN","GDPHRWKD","TOT","IDX2010","A","2013",103.259424,
"JPN","GDPHRWKD","TOT","IDX2010","A","2014",103.339128,
"JPN","GDPHRWKD","TOT","IDX2010","A","2015",104.756992,
"JPN","GDPHRWKD","TOT","IDX2010","A","2016",104.703232,
"JPN","GDPHRWKD","TOT","IDX2010","A","2017",106.005834,
"JPN","GDPHRWKD","TOT","IDX2010","A","2018",106.516112,
"KOR","GDPHRWKD","TOT","IDX2010","A","1970",9.786858,
"KOR","GDPHRWKD","TOT","IDX2010","A","1971",10.473426,
"KOR","GDPHRWKD","TOT","IDX2010","A","1972",10.775824,
"KOR","GDPHRWKD","TOT","IDX2010","A","1973",11.760346,
"KOR","GDPHRWKD","TOT","IDX2010","A","1974",12.357785,
"KOR","GDPHRWKD","TOT","IDX2010","A","1975",13.047812,
"KOR","GDPHRWKD","TOT","IDX2010","A","1976",13.929744,
"KOR","GDPHRWKD","TOT","IDX2010","A","1977",15.181825,
"KOR","GDPHRWKD","TOT","IDX2010","A","1978",16.097578,
"KOR","GDPHRWKD","TOT","IDX2010","A","1979",17.275975,
"KOR","GDPHRWKD","TOT","IDX2010","A","1980",16.916433,
"KOR","GDPHRWKD","TOT","IDX2010","A","1981",17.593228,
"KOR","GDPHRWKD","TOT","IDX2010","A","1982",18.49226,
"KOR","GDPHRWKD","TOT","IDX2010","A","1983",20.630747,
"KOR","GDPHRWKD","TOT","IDX2010","A","1984",22.936728,
"KOR","GDPHRWKD","TOT","IDX2010","A","1985",24.027733,
"KOR","GDPHRWKD","TOT","IDX2010","A","1986",25.545444,
"KOR","GDPHRWKD","TOT","IDX2010","A","1987",27.531957,
"KOR","GDPHRWKD","TOT","IDX2010","A","1988",30.35378,
"KOR","GDPHRWKD","TOT","IDX2010","A","1989",32.386208,
"KOR","GDPHRWKD","TOT","IDX2010","A","1990",35.227854,
"KOR","GDPHRWKD","TOT","IDX2010","A","1991",37.979255,
"KOR","GDPHRWKD","TOT","IDX2010","A","1992",39.885524,
"KOR","GDPHRWKD","TOT","IDX2010","A","1993",41.845479,
"KOR","GDPHRWKD","TOT","IDX2010","A","1994",44.533726,
"KOR","GDPHRWKD","TOT","IDX2010","A","1995",47.310006,
"KOR","GDPHRWKD","TOT","IDX2010","A","1996",50.027408,
"KOR","GDPHRWKD","TOT","IDX2010","A","1997",53.206872,
"KOR","GDPHRWKD","TOT","IDX2010","A","1998",55.575661,
"KOR","GDPHRWKD","TOT","IDX2010","A","1999",60.625731,
"KOR","GDPHRWKD","TOT","IDX2010","A","2000",62.909033,
"KOR","GDPHRWKD","TOT","IDX2010","A","2001",64.820037,
"KOR","GDPHRWKD","TOT","IDX2010","A","2002",68.903293,
"KOR","GDPHRWKD","TOT","IDX2010","A","2003",71.951066,
"KOR","GDPHRWKD","TOT","IDX2010","A","2004",74.995407,
"KOR","GDPHRWKD","TOT","IDX2010","A","2005",78.233552,
"KOR","GDPHRWKD","TOT","IDX2010","A","2006",81.422441,
"KOR","GDPHRWKD","TOT","IDX2010","A","2007",86.299573,
"KOR","GDPHRWKD","TOT","IDX2010","A","2008",91.56366,
"KOR","GDPHRWKD","TOT","IDX2010","A","2009",94.650469,
"KOR","GDPHRWKD","TOT","IDX2010","A","2010",100,
"KOR","GDPHRWKD","TOT","IDX2010","A","2011",102.889167,
"KOR","GDPHRWKD","TOT","IDX2010","A","2012",104.22842,
"KOR","GDPHRWKD","TOT","IDX2010","A","2013",106.291718,
"KOR","GDPHRWKD","TOT","IDX2010","A","2014",108.657606,
"KOR","GDPHRWKD","TOT","IDX2010","A","2015",109.591298,
"KOR","GDPHRWKD","TOT","IDX2010","A","2016",112.515049,
"KOR","GDPHRWKD","TOT","IDX2010","A","2017",117.252238,
"LUX","GDPHRWKD","TOT","IDX2010","A","1970",45.250355,
"LUX","GDPHRWKD","TOT","IDX2010","A","1971",45.09831,
"LUX","GDPHRWKD","TOT","IDX2010","A","1972",47.341173,
"LUX","GDPHRWKD","TOT","IDX2010","A","1973",51.149745,
"LUX","GDPHRWKD","TOT","IDX2010","A","1974",52.554577,
"LUX","GDPHRWKD","TOT","IDX2010","A","1975",49.278321,
"LUX","GDPHRWKD","TOT","IDX2010","A","1976",50.117492,
"LUX","GDPHRWKD","TOT","IDX2010","A","1977",51.674562,
"LUX","GDPHRWKD","TOT","IDX2010","A","1978",54.645031,
"LUX","GDPHRWKD","TOT","IDX2010","A","1979",56.186125,
"LUX","GDPHRWKD","TOT","IDX2010","A","1980",56.806689,
"LUX","GDPHRWKD","TOT","IDX2010","A","1981",57.139355,
"LUX","GDPHRWKD","TOT","IDX2010","A","1982",58.554749,
"LUX","GDPHRWKD","TOT","IDX2010","A","1983",60.70443,
"LUX","GDPHRWKD","TOT","IDX2010","A","1984",64.631723,
"LUX","GDPHRWKD","TOT","IDX2010","A","1985",65.264013,
"LUX","GDPHRWKD","TOT","IDX2010","A","1986",70.479191,
"LUX","GDPHRWKD","TOT","IDX2010","A","1987",71.397556,
"LUX","GDPHRWKD","TOT","IDX2010","A","1988",74.261064,
"LUX","GDPHRWKD","TOT","IDX2010","A","1989",79.3541,
"LUX","GDPHRWKD","TOT","IDX2010","A","1990",80.198889,
"LUX","GDPHRWKD","TOT","IDX2010","A","1991",84.687417,
"LUX","GDPHRWKD","TOT","IDX2010","A","1992",85.013432,
"LUX","GDPHRWKD","TOT","IDX2010","A","1993",86.679552,
"LUX","GDPHRWKD","TOT","IDX2010","A","1994",88.796783,
"LUX","GDPHRWKD","TOT","IDX2010","A","1995",90.975807,
"LUX","GDPHRWKD","TOT","IDX2010","A","1996",89.510561,
"LUX","GDPHRWKD","TOT","IDX2010","A","1997",91.604633,
"LUX","GDPHRWKD","TOT","IDX2010","A","1998",93.337866,
"LUX","GDPHRWKD","TOT","IDX2010","A","1999",96.716766,
"LUX","GDPHRWKD","TOT","IDX2010","A","2000",98.768244,"B"
"LUX","GDPHRWKD","TOT","IDX2010","A","2001",96.794515,
"LUX","GDPHRWKD","TOT","IDX2010","A","2002",97.979172,
"LUX","GDPHRWKD","TOT","IDX2010","A","2003",97.87944,
"LUX","GDPHRWKD","TOT","IDX2010","A","2004",99.147312,
"LUX","GDPHRWKD","TOT","IDX2010","A","2005",101.333981,
"LUX","GDPHRWKD","TOT","IDX2010","A","2006",102.487284,
"LUX","GDPHRWKD","TOT","IDX2010","A","2007",105.413176,
"LUX","GDPHRWKD","TOT","IDX2010","A","2008",99.283936,
"LUX","GDPHRWKD","TOT","IDX2010","A","2009",97.10167,
"LUX","GDPHRWKD","TOT","IDX2010","A","2010",100,
"LUX","GDPHRWKD","TOT","IDX2010","A","2011",99.696771,
"LUX","GDPHRWKD","TOT","IDX2010","A","2012",97.441434,
"LUX","GDPHRWKD","TOT","IDX2010","A","2013",99.546202,
"LUX","GDPHRWKD","TOT","IDX2010","A","2014",100.999136,
"LUX","GDPHRWKD","TOT","IDX2010","A","2015",101.806575,
"LUX","GDPHRWKD","TOT","IDX2010","A","2016",101.242465,
"LUX","GDPHRWKD","TOT","IDX2010","A","2017",99.905326,
"LUX","GDPHRWKD","TOT","IDX2010","A","2018",98.795549,
"MEX","GDPHRWKD","TOT","IDX2010","A","1991",101.779521,
"MEX","GDPHRWKD","TOT","IDX2010","A","1992",102.303077,
"MEX","GDPHRWKD","TOT","IDX2010","A","1993",101.882287,
"MEX","GDPHRWKD","TOT","IDX2010","A","1994",101.664976,
"MEX","GDPHRWKD","TOT","IDX2010","A","1995",95.357969,
"MEX","GDPHRWKD","TOT","IDX2010","A","1996",96.435788,
"MEX","GDPHRWKD","TOT","IDX2010","A","1997",95.319873,
"MEX","GDPHRWKD","TOT","IDX2010","A","1998",100.934155,
"MEX","GDPHRWKD","TOT","IDX2010","A","1999",99.140476,
"MEX","GDPHRWKD","TOT","IDX2010","A","2000",104.974368,
"MEX","GDPHRWKD","TOT","IDX2010","A","2001",105.685658,
"MEX","GDPHRWKD","TOT","IDX2010","A","2002",100.863351,
"MEX","GDPHRWKD","TOT","IDX2010","A","2003",104.018528,
"MEX","GDPHRWKD","TOT","IDX2010","A","2004",105.449408,
"MEX","GDPHRWKD","TOT","IDX2010","A","2005",103.999893,
"MEX","GDPHRWKD","TOT","IDX2010","A","2006",107.379274,
"MEX","GDPHRWKD","TOT","IDX2010","A","2007",108.849329,
"MEX","GDPHRWKD","TOT","IDX2010","A","2008",105.258069,
"MEX","GDPHRWKD","TOT","IDX2010","A","2009",105.236776,
"MEX","GDPHRWKD","TOT","IDX2010","A","2010",100,"B"
"MEX","GDPHRWKD","TOT","IDX2010","A","2011",102.805566,
"MEX","GDPHRWKD","TOT","IDX2010","A","2012",103.19107,
"MEX","GDPHRWKD","TOT","IDX2010","A","2013",102.697226,
"MEX","GDPHRWKD","TOT","IDX2010","A","2014",105.273897,"E"
"MEX","GDPHRWKD","TOT","IDX2010","A","2015",105.868272,"E"
"MEX","GDPHRWKD","TOT","IDX2010","A","2016",106.585644,"E"
"MEX","GDPHRWKD","TOT","IDX2010","A","2017",107.14123,"E"
"NLD","GDPHRWKD","TOT","IDX2010","A","1970",45.855457,
"NLD","GDPHRWKD","TOT","IDX2010","A","1971",48.206477,
"NLD","GDPHRWKD","TOT","IDX2010","A","1972",49.753862,
"NLD","GDPHRWKD","TOT","IDX2010","A","1973",53.052928,
"NLD","GDPHRWKD","TOT","IDX2010","A","1974",56.658058,
"NLD","GDPHRWKD","TOT","IDX2010","A","1975",58.562685,
"NLD","GDPHRWKD","TOT","IDX2010","A","1976",61.490395,
"NLD","GDPHRWKD","TOT","IDX2010","A","1977",63.388043,
"NLD","GDPHRWKD","TOT","IDX2010","A","1978",65.156846,
"NLD","GDPHRWKD","TOT","IDX2010","A","1979",65.969248,
"NLD","GDPHRWKD","TOT","IDX2010","A","1980",66.99103,
"NLD","GDPHRWKD","TOT","IDX2010","A","1981",66.764542,
"NLD","GDPHRWKD","TOT","IDX2010","A","1982",67.546052,
"NLD","GDPHRWKD","TOT","IDX2010","A","1983",70.243912,
"NLD","GDPHRWKD","TOT","IDX2010","A","1984",72.184928,
"NLD","GDPHRWKD","TOT","IDX2010","A","1985",73.509093,
"NLD","GDPHRWKD","TOT","IDX2010","A","1986",74.512384,
"NLD","GDPHRWKD","TOT","IDX2010","A","1987",75.424052,
"NLD","GDPHRWKD","TOT","IDX2010","A","1988",76.791073,
"NLD","GDPHRWKD","TOT","IDX2010","A","1989",78.356499,
"NLD","GDPHRWKD","TOT","IDX2010","A","1990",79.489958,
"NLD","GDPHRWKD","TOT","IDX2010","A","1991",80.448605,
"NLD","GDPHRWKD","TOT","IDX2010","A","1992",80.296932,
"NLD","GDPHRWKD","TOT","IDX2010","A","1993",81.584868,
"NLD","GDPHRWKD","TOT","IDX2010","A","1994",83.018507,
"NLD","GDPHRWKD","TOT","IDX2010","A","1995",81.744099,
"NLD","GDPHRWKD","TOT","IDX2010","A","1996",82.046279,
"NLD","GDPHRWKD","TOT","IDX2010","A","1997",83.857881,
"NLD","GDPHRWKD","TOT","IDX2010","A","1998",85.917004,
"NLD","GDPHRWKD","TOT","IDX2010","A","1999",87.813292,
"NLD","GDPHRWKD","TOT","IDX2010","A","2000",90.651505,
"NLD","GDPHRWKD","TOT","IDX2010","A","2001",91.567204,
"NLD","GDPHRWKD","TOT","IDX2010","A","2002",92.235549,
"NLD","GDPHRWKD","TOT","IDX2010","A","2003",93.453431,
"NLD","GDPHRWKD","TOT","IDX2010","A","2004",95.06519,
"NLD","GDPHRWKD","TOT","IDX2010","A","2005",97.335278,
"NLD","GDPHRWKD","TOT","IDX2010","A","2006",98.782988,
"NLD","GDPHRWKD","TOT","IDX2010","A","2007",99.665562,
"NLD","GDPHRWKD","TOT","IDX2010","A","2008",100.237746,
"NLD","GDPHRWKD","TOT","IDX2010","A","2009",97.976689,
"NLD","GDPHRWKD","TOT","IDX2010","A","2010",100,
"NLD","GDPHRWKD","TOT","IDX2010","A","2011",100.64084,
"NLD","GDPHRWKD","TOT","IDX2010","A","2012",100.49104,
"NLD","GDPHRWKD","TOT","IDX2010","A","2013",101.254678,
"NLD","GDPHRWKD","TOT","IDX2010","A","2014",102.004433,
"NLD","GDPHRWKD","TOT","IDX2010","A","2015",103.007055,
"NLD","GDPHRWKD","TOT","IDX2010","A","2016",102.846427,
"NLD","GDPHRWKD","TOT","IDX2010","A","2017",103.730039,
"NLD","GDPHRWKD","TOT","IDX2010","A","2018",104.104469,
"NZL","GDPHRWKD","TOT","IDX2010","A","1970",59.546891,
"NZL","GDPHRWKD","TOT","IDX2010","A","1971",61.200694,
"NZL","GDPHRWKD","TOT","IDX2010","A","1972",63.768116,
"NZL","GDPHRWKD","TOT","IDX2010","A","1973",66.609708,
"NZL","GDPHRWKD","TOT","IDX2010","A","1974",67.746922,
"NZL","GDPHRWKD","TOT","IDX2010","A","1975",65.563795,
"NZL","GDPHRWKD","TOT","IDX2010","A","1976",65.188124,
"NZL","GDPHRWKD","TOT","IDX2010","A","1977",61.80534,
"NZL","GDPHRWKD","TOT","IDX2010","A","1978",62.470323,
"NZL","GDPHRWKD","TOT","IDX2010","A","1979",63.12448,
"NZL","GDPHRWKD","TOT","IDX2010","A","1980",64.05003,
"NZL","GDPHRWKD","TOT","IDX2010","A","1981",66.664792,
"NZL","GDPHRWKD","TOT","IDX2010","A","1982",67.233472,
"NZL","GDPHRWKD","TOT","IDX2010","A","1983",70.376974,
"NZL","GDPHRWKD","TOT","IDX2010","A","1984",71.469097,
"NZL","GDPHRWKD","TOT","IDX2010","A","1985",70.760297,
"NZL","GDPHRWKD","TOT","IDX2010","A","1986",73.100865,
"NZL","GDPHRWKD","TOT","IDX2010","A","1987",69.447733,
"NZL","GDPHRWKD","TOT","IDX2010","A","1988",73.467328,
"NZL","GDPHRWKD","TOT","IDX2010","A","1989",76.833818,
"NZL","GDPHRWKD","TOT","IDX2010","A","1990",79.544684,
"NZL","GDPHRWKD","TOT","IDX2010","A","1991",78.132336,
"NZL","GDPHRWKD","TOT","IDX2010","A","1992",81.068446,
"NZL","GDPHRWKD","TOT","IDX2010","A","1993",83.006869,
"NZL","GDPHRWKD","TOT","IDX2010","A","1994",83.283752,
"NZL","GDPHRWKD","TOT","IDX2010","A","1995",84.155861,
"NZL","GDPHRWKD","TOT","IDX2010","A","1996",84.418095,
"NZL","GDPHRWKD","TOT","IDX2010","A","1997",87.21605,
"NZL","GDPHRWKD","TOT","IDX2010","A","1998",85.829269,
"NZL","GDPHRWKD","TOT","IDX2010","A","1999",86.763952,
"NZL","GDPHRWKD","TOT","IDX2010","A","2000",89.38766,
"NZL","GDPHRWKD","TOT","IDX2010","A","2001",90.955562,
"NZL","GDPHRWKD","TOT","IDX2010","A","2002",92.728299,
"NZL","GDPHRWKD","TOT","IDX2010","A","2003",94.485376,
"NZL","GDPHRWKD","TOT","IDX2010","A","2004",94.137172,
"NZL","GDPHRWKD","TOT","IDX2010","A","2005",94.024369,
"NZL","GDPHRWKD","TOT","IDX2010","A","2006",95.395835,
"NZL","GDPHRWKD","TOT","IDX2010","A","2007",99.110045,
"NZL","GDPHRWKD","TOT","IDX2010","A","2008",95.975893,
"NZL","GDPHRWKD","TOT","IDX2010","A","2009",100.967367,
"NZL","GDPHRWKD","TOT","IDX2010","A","2010",100,
"NZL","GDPHRWKD","TOT","IDX2010","A","2011",101.969676,
"NZL","GDPHRWKD","TOT","IDX2010","A","2012",105.655646,
"NZL","GDPHRWKD","TOT","IDX2010","A","2013",103.760934,
"NZL","GDPHRWKD","TOT","IDX2010","A","2014",103.36725,
"NZL","GDPHRWKD","TOT","IDX2010","A","2015",106.063553,
"NZL","GDPHRWKD","TOT","IDX2010","A","2016",105.477651,
"NZL","GDPHRWKD","TOT","IDX2010","A","2017",103.852825,
"NZL","GDPHRWKD","TOT","IDX2010","A","2018",103.830079,"E"
"NOR","GDPHRWKD","TOT","IDX2010","A","1970",35.760537,
"NOR","GDPHRWKD","TOT","IDX2010","A","1971",37.927549,
"NOR","GDPHRWKD","TOT","IDX2010","A","1972",40.21734,
"NOR","GDPHRWKD","TOT","IDX2010","A","1973",42.082727,
"NOR","GDPHRWKD","TOT","IDX2010","A","1974",43.689632,
"NOR","GDPHRWKD","TOT","IDX2010","A","1975",45.547571,
"NOR","GDPHRWKD","TOT","IDX2010","A","1976",48.136807,
"NOR","GDPHRWKD","TOT","IDX2010","A","1977",49.857553,
"NOR","GDPHRWKD","TOT","IDX2010","A","1978",52.062413,
"NOR","GDPHRWKD","TOT","IDX2010","A","1979",54.320776,
"NOR","GDPHRWKD","TOT","IDX2010","A","1980",55.472082,
"NOR","GDPHRWKD","TOT","IDX2010","A","1981",55.994951,
"NOR","GDPHRWKD","TOT","IDX2010","A","1982",56.509658,
"NOR","GDPHRWKD","TOT","IDX2010","A","1983",59.080966,
"NOR","GDPHRWKD","TOT","IDX2010","A","1984",62.391832,
"NOR","GDPHRWKD","TOT","IDX2010","A","1985",64.328992,
"NOR","GDPHRWKD","TOT","IDX2010","A","1986",64.988201,
"NOR","GDPHRWKD","TOT","IDX2010","A","1987",65.985172,
"NOR","GDPHRWKD","TOT","IDX2010","A","1988",66.060743,
"NOR","GDPHRWKD","TOT","IDX2010","A","1989",68.831145,
"NOR","GDPHRWKD","TOT","IDX2010","A","1990",71.159033,
"NOR","GDPHRWKD","TOT","IDX2010","A","1991",74.217611,
"NOR","GDPHRWKD","TOT","IDX2010","A","1992",76.520127,
"NOR","GDPHRWKD","TOT","IDX2010","A","1993",78.314966,
"NOR","GDPHRWKD","TOT","IDX2010","A","1994",81.273689,
"NOR","GDPHRWKD","TOT","IDX2010","A","1995",83.871431,
"NOR","GDPHRWKD","TOT","IDX2010","A","1996",86.659724,
"NOR","GDPHRWKD","TOT","IDX2010","A","1997",88.936879,
"NOR","GDPHRWKD","TOT","IDX2010","A","1998",89.024403,
"NOR","GDPHRWKD","TOT","IDX2010","A","1999",90.042353,
"NOR","GDPHRWKD","TOT","IDX2010","A","2000",93.533506,
"NOR","GDPHRWKD","TOT","IDX2010","A","2001",96.859919,
"NOR","GDPHRWKD","TOT","IDX2010","A","2002",98.875836,
"NOR","GDPHRWKD","TOT","IDX2010","A","2003",101.846891,
"NOR","GDPHRWKD","TOT","IDX2010","A","2004",103.767227,
"NOR","GDPHRWKD","TOT","IDX2010","A","2005",104.843245,
"NOR","GDPHRWKD","TOT","IDX2010","A","2006",104.012086,
"NOR","GDPHRWKD","TOT","IDX2010","A","2007",102.197068,
"NOR","GDPHRWKD","TOT","IDX2010","A","2008",99.169969,
"NOR","GDPHRWKD","TOT","IDX2010","A","2009",99.447622,
"NOR","GDPHRWKD","TOT","IDX2010","A","2010",100,
"NOR","GDPHRWKD","TOT","IDX2010","A","2011",99.226874,
"NOR","GDPHRWKD","TOT","IDX2010","A","2012",99.986743,
"NOR","GDPHRWKD","TOT","IDX2010","A","2013",100.689584,
"NOR","GDPHRWKD","TOT","IDX2010","A","2014",101.282949,
"NOR","GDPHRWKD","TOT","IDX2010","A","2015",102.69895,
"NOR","GDPHRWKD","TOT","IDX2010","A","2016",103.469858,
"NOR","GDPHRWKD","TOT","IDX2010","A","2017",105.225164,
"NOR","GDPHRWKD","TOT","IDX2010","A","2018",105.04476,
"POL","GDPHRWKD","TOT","IDX2010","A","1993",47.764487,
"POL","GDPHRWKD","TOT","IDX2010","A","1994",50.762364,
"POL","GDPHRWKD","TOT","IDX2010","A","1995",53.877374,
"POL","GDPHRWKD","TOT","IDX2010","A","1996",56.467824,
"POL","GDPHRWKD","TOT","IDX2010","A","1997",59.27767,
"POL","GDPHRWKD","TOT","IDX2010","A","1998",61.29975,
"POL","GDPHRWKD","TOT","IDX2010","A","1999",66.816252,
"POL","GDPHRWKD","TOT","IDX2010","A","2000",70.936088,
"POL","GDPHRWKD","TOT","IDX2010","A","2001",73.370638,
"POL","GDPHRWKD","TOT","IDX2010","A","2002",77.4066,
"POL","GDPHRWKD","TOT","IDX2010","A","2003",80.890509,
"POL","GDPHRWKD","TOT","IDX2010","A","2004",84.046658,
"POL","GDPHRWKD","TOT","IDX2010","A","2005",85.375791,
"POL","GDPHRWKD","TOT","IDX2010","A","2006",87.811322,
"POL","GDPHRWKD","TOT","IDX2010","A","2007",90.090423,
"POL","GDPHRWKD","TOT","IDX2010","A","2008",90.822268,
"POL","GDPHRWKD","TOT","IDX2010","A","2009",93.75226,
"POL","GDPHRWKD","TOT","IDX2010","A","2010",100,"B"
"POL","GDPHRWKD","TOT","IDX2010","A","2011",104.711698,
"POL","GDPHRWKD","TOT","IDX2010","A","2012",106.565679,
"POL","GDPHRWKD","TOT","IDX2010","A","2013",108.304648,
"POL","GDPHRWKD","TOT","IDX2010","A","2014",109.636775,
"POL","GDPHRWKD","TOT","IDX2010","A","2015",111.713884,
"POL","GDPHRWKD","TOT","IDX2010","A","2016",114.083287,
"POL","GDPHRWKD","TOT","IDX2010","A","2017",119.362693,
"POL","GDPHRWKD","TOT","IDX2010","A","2018",126.699988,
"PRT","GDPHRWKD","TOT","IDX2010","A","1970",42.018538,
"PRT","GDPHRWKD","TOT","IDX2010","A","1971",44.311815,
"PRT","GDPHRWKD","TOT","IDX2010","A","1972",48.404571,
"PRT","GDPHRWKD","TOT","IDX2010","A","1973",54.577579,
"PRT","GDPHRWKD","TOT","IDX2010","A","1974",51.886414,
"PRT","GDPHRWKD","TOT","IDX2010","A","1975",47.695032,
"PRT","GDPHRWKD","TOT","IDX2010","A","1976",50.576963,
"PRT","GDPHRWKD","TOT","IDX2010","A","1977",53.422544,
"PRT","GDPHRWKD","TOT","IDX2010","A","1978",55.388377,
"PRT","GDPHRWKD","TOT","IDX2010","A","1979",58.139505,
"PRT","GDPHRWKD","TOT","IDX2010","A","1980",59.815817,
"PRT","GDPHRWKD","TOT","IDX2010","A","1981",60.860739,
"PRT","GDPHRWKD","TOT","IDX2010","A","1982",62.567911,
"PRT","GDPHRWKD","TOT","IDX2010","A","1983",60.036972,
"PRT","GDPHRWKD","TOT","IDX2010","A","1984",59.417319,
"PRT","GDPHRWKD","TOT","IDX2010","A","1985",61.710803,
"PRT","GDPHRWKD","TOT","IDX2010","A","1986",64.548453,
"PRT","GDPHRWKD","TOT","IDX2010","A","1987",66.350139,
"PRT","GDPHRWKD","TOT","IDX2010","A","1988",69.533315,
"PRT","GDPHRWKD","TOT","IDX2010","A","1989",71.62041,
"PRT","GDPHRWKD","TOT","IDX2010","A","1990",73.31722,
"PRT","GDPHRWKD","TOT","IDX2010","A","1991",77.140753,
"PRT","GDPHRWKD","TOT","IDX2010","A","1992",79.914062,
"PRT","GDPHRWKD","TOT","IDX2010","A","1993",79.808032,
"PRT","GDPHRWKD","TOT","IDX2010","A","1994",80.33843,
"PRT","GDPHRWKD","TOT","IDX2010","A","1995",81.632442,
"PRT","GDPHRWKD","TOT","IDX2010","A","1996",83.04674,
"PRT","GDPHRWKD","TOT","IDX2010","A","1997",84.751439,
"PRT","GDPHRWKD","TOT","IDX2010","A","1998",85.648336,
"PRT","GDPHRWKD","TOT","IDX2010","A","1999",87.573797,
"PRT","GDPHRWKD","TOT","IDX2010","A","2000",88.477748,
"PRT","GDPHRWKD","TOT","IDX2010","A","2001",89.407864,
"PRT","GDPHRWKD","TOT","IDX2010","A","2002",90.057775,
"PRT","GDPHRWKD","TOT","IDX2010","A","2003",90.398474,
"PRT","GDPHRWKD","TOT","IDX2010","A","2004",92.423848,
"PRT","GDPHRWKD","TOT","IDX2010","A","2005",93.454083,
"PRT","GDPHRWKD","TOT","IDX2010","A","2006",95.133619,
"PRT","GDPHRWKD","TOT","IDX2010","A","2007",96.59668,
"PRT","GDPHRWKD","TOT","IDX2010","A","2008",97.103565,
"PRT","GDPHRWKD","TOT","IDX2010","A","2009",96.851036,
"PRT","GDPHRWKD","TOT","IDX2010","A","2010",100,
"PRT","GDPHRWKD","TOT","IDX2010","A","2011",101.343983,
"PRT","GDPHRWKD","TOT","IDX2010","A","2012",102.362796,
"PRT","GDPHRWKD","TOT","IDX2010","A","2013",103.642219,
"PRT","GDPHRWKD","TOT","IDX2010","A","2014",102.691259,
"PRT","GDPHRWKD","TOT","IDX2010","A","2015",102.647391,
"PRT","GDPHRWKD","TOT","IDX2010","A","2016",102.780178,
"PRT","GDPHRWKD","TOT","IDX2010","A","2017",102.180334,
"PRT","GDPHRWKD","TOT","IDX2010","A","2018",102.289058,
"SVK","GDPHRWKD","TOT","IDX2010","A","1995",52.276697,
"SVK","GDPHRWKD","TOT","IDX2010","A","1996",55.673602,
"SVK","GDPHRWKD","TOT","IDX2010","A","1997",59.329426,
"SVK","GDPHRWKD","TOT","IDX2010","A","1998",62.278945,
"SVK","GDPHRWKD","TOT","IDX2010","A","1999",63.964028,
"SVK","GDPHRWKD","TOT","IDX2010","A","2000",66.050923,
"SVK","GDPHRWKD","TOT","IDX2010","A","2001",68.411079,
"SVK","GDPHRWKD","TOT","IDX2010","A","2002",73.338914,
"SVK","GDPHRWKD","TOT","IDX2010","A","2003",79.031262,
"SVK","GDPHRWKD","TOT","IDX2010","A","2004",81.252626,
"SVK","GDPHRWKD","TOT","IDX2010","A","2005",84.033931,
"SVK","GDPHRWKD","TOT","IDX2010","A","2006",89.029051,
"SVK","GDPHRWKD","TOT","IDX2010","A","2007",95.720388,
"SVK","GDPHRWKD","TOT","IDX2010","A","2008",97.834211,
"SVK","GDPHRWKD","TOT","IDX2010","A","2009",95.06632,
"SVK","GDPHRWKD","TOT","IDX2010","A","2010",100,
"SVK","GDPHRWKD","TOT","IDX2010","A","2011",101.710884,
"SVK","GDPHRWKD","TOT","IDX2010","A","2012",103.573317,
"SVK","GDPHRWKD","TOT","IDX2010","A","2013",106.9832,
"SVK","GDPHRWKD","TOT","IDX2010","A","2014",109.137014,
"SVK","GDPHRWKD","TOT","IDX2010","A","2015",111.840574,
"SVK","GDPHRWKD","TOT","IDX2010","A","2016",113.566508,
"SVK","GDPHRWKD","TOT","IDX2010","A","2017",116.412533,
"SVK","GDPHRWKD","TOT","IDX2010","A","2018",119.932709,
"ESP","GDPHRWKD","TOT","IDX2010","A","1970",39.902595,
"ESP","GDPHRWKD","TOT","IDX2010","A","1971",41.538192,
"ESP","GDPHRWKD","TOT","IDX2010","A","1972",44.879639,
"ESP","GDPHRWKD","TOT","IDX2010","A","1973",47.715059,
"ESP","GDPHRWKD","TOT","IDX2010","A","1974",49.890117,
"ESP","GDPHRWKD","TOT","IDX2010","A","1975",50.739565,
"ESP","GDPHRWKD","TOT","IDX2010","A","1976",52.715406,
"ESP","GDPHRWKD","TOT","IDX2010","A","1977",54.75986,
"ESP","GDPHRWKD","TOT","IDX2010","A","1978",57.324181,
"ESP","GDPHRWKD","TOT","IDX2010","A","1979",59.653917,
"ESP","GDPHRWKD","TOT","IDX2010","A","1980",63.269083,
"ESP","GDPHRWKD","TOT","IDX2010","A","1981",65.907334,
"ESP","GDPHRWKD","TOT","IDX2010","A","1982",68.070118,
"ESP","GDPHRWKD","TOT","IDX2010","A","1983",70.736858,
"ESP","GDPHRWKD","TOT","IDX2010","A","1984",75.462543,
"ESP","GDPHRWKD","TOT","IDX2010","A","1985",78.454009,
"ESP","GDPHRWKD","TOT","IDX2010","A","1986",79.530697,
"ESP","GDPHRWKD","TOT","IDX2010","A","1987",80.469306,
"ESP","GDPHRWKD","TOT","IDX2010","A","1988",81.895196,
"ESP","GDPHRWKD","TOT","IDX2010","A","1989",83.416805,
"ESP","GDPHRWKD","TOT","IDX2010","A","1990",83.306876,
"ESP","GDPHRWKD","TOT","IDX2010","A","1991",83.981564,
"ESP","GDPHRWKD","TOT","IDX2010","A","1992",86.35285,
"ESP","GDPHRWKD","TOT","IDX2010","A","1993",88.363407,
"ESP","GDPHRWKD","TOT","IDX2010","A","1994",90.951431,
"ESP","GDPHRWKD","TOT","IDX2010","A","1995",91.712122,
"ESP","GDPHRWKD","TOT","IDX2010","A","1996",92.748375,
"ESP","GDPHRWKD","TOT","IDX2010","A","1997",92.581929,
"ESP","GDPHRWKD","TOT","IDX2010","A","1998",92.065517,
"ESP","GDPHRWKD","TOT","IDX2010","A","1999",91.740859,
"ESP","GDPHRWKD","TOT","IDX2010","A","2000",92.193867,
"ESP","GDPHRWKD","TOT","IDX2010","A","2001",92.274273,
"ESP","GDPHRWKD","TOT","IDX2010","A","2002",92.434694,
"ESP","GDPHRWKD","TOT","IDX2010","A","2003",92.762606,
"ESP","GDPHRWKD","TOT","IDX2010","A","2004",92.992131,
"ESP","GDPHRWKD","TOT","IDX2010","A","2005",93.338695,
"ESP","GDPHRWKD","TOT","IDX2010","A","2006",93.882513,
"ESP","GDPHRWKD","TOT","IDX2010","A","2007",95.002034,
"ESP","GDPHRWKD","TOT","IDX2010","A","2008",95.379737,
"ESP","GDPHRWKD","TOT","IDX2010","A","2009",97.718446,
"ESP","GDPHRWKD","TOT","IDX2010","A","2010",100,
"ESP","GDPHRWKD","TOT","IDX2010","A","2011",101.427723,
"ESP","GDPHRWKD","TOT","IDX2010","A","2012",103.45402,
"ESP","GDPHRWKD","TOT","IDX2010","A","2013",104.89856,
"ESP","GDPHRWKD","TOT","IDX2010","A","2014",105.235756,
"ESP","GDPHRWKD","TOT","IDX2010","A","2015",105.755777,
"ESP","GDPHRWKD","TOT","IDX2010","A","2016",106.262341,
"ESP","GDPHRWKD","TOT","IDX2010","A","2017",107.423262,
"ESP","GDPHRWKD","TOT","IDX2010","A","2018",107.19352,
"SWE","GDPHRWKD","TOT","IDX2010","A","1970",46.909135,
"SWE","GDPHRWKD","TOT","IDX2010","A","1971",48.331521,
"SWE","GDPHRWKD","TOT","IDX2010","A","1972",50.447094,
"SWE","GDPHRWKD","TOT","IDX2010","A","1973",52.775285,
"SWE","GDPHRWKD","TOT","IDX2010","A","1974",54.01602,
"SWE","GDPHRWKD","TOT","IDX2010","A","1975",55.1415,
"SWE","GDPHRWKD","TOT","IDX2010","A","1976",55.128947,
"SWE","GDPHRWKD","TOT","IDX2010","A","1977",55.290372,
"SWE","GDPHRWKD","TOT","IDX2010","A","1978",57.364535,
"SWE","GDPHRWKD","TOT","IDX2010","A","1979",59.225713,
"SWE","GDPHRWKD","TOT","IDX2010","A","1980",59.399532,
"SWE","GDPHRWKD","TOT","IDX2010","A","1981",59.917102,
"SWE","GDPHRWKD","TOT","IDX2010","A","1982",60.216606,
"SWE","GDPHRWKD","TOT","IDX2010","A","1983",60.874612,
"SWE","GDPHRWKD","TOT","IDX2010","A","1984",62.836277,
"SWE","GDPHRWKD","TOT","IDX2010","A","1985",63.359667,
"SWE","GDPHRWKD","TOT","IDX2010","A","1986",64.757128,
"SWE","GDPHRWKD","TOT","IDX2010","A","1987",65.93299,
"SWE","GDPHRWKD","TOT","IDX2010","A","1988",65.872446,
"SWE","GDPHRWKD","TOT","IDX2010","A","1989",66.695602,
"SWE","GDPHRWKD","TOT","IDX2010","A","1990",66.769596,
"SWE","GDPHRWKD","TOT","IDX2010","A","1991",67.571966,
"SWE","GDPHRWKD","TOT","IDX2010","A","1992",69.124761,
"SWE","GDPHRWKD","TOT","IDX2010","A","1993",70.650676,
"SWE","GDPHRWKD","TOT","IDX2010","A","1994",72.505229,
"SWE","GDPHRWKD","TOT","IDX2010","A","1995",74.019891,
"SWE","GDPHRWKD","TOT","IDX2010","A","1996",75.147719,
"SWE","GDPHRWKD","TOT","IDX2010","A","1997",78.085708,
"SWE","GDPHRWKD","TOT","IDX2010","A","1998",80.152881,
"SWE","GDPHRWKD","TOT","IDX2010","A","1999",81.595876,
"SWE","GDPHRWKD","TOT","IDX2010","A","2000",84.59104,
"SWE","GDPHRWKD","TOT","IDX2010","A","2001",85.403782,
"SWE","GDPHRWKD","TOT","IDX2010","A","2002",88.390381,
"SWE","GDPHRWKD","TOT","IDX2010","A","2003",91.755969,
"SWE","GDPHRWKD","TOT","IDX2010","A","2004",94.943339,
"SWE","GDPHRWKD","TOT","IDX2010","A","2005",97.425852,
"SWE","GDPHRWKD","TOT","IDX2010","A","2006",100.64779,
"SWE","GDPHRWKD","TOT","IDX2010","A","2007",100.971365,
"SWE","GDPHRWKD","TOT","IDX2010","A","2008",99.174654,
"SWE","GDPHRWKD","TOT","IDX2010","A","2009",96.810526,
"SWE","GDPHRWKD","TOT","IDX2010","A","2010",100,
"SWE","GDPHRWKD","TOT","IDX2010","A","2011",100.737892,
"SWE","GDPHRWKD","TOT","IDX2010","A","2012",100.580511,
"SWE","GDPHRWKD","TOT","IDX2010","A","2013",101.407201,
"SWE","GDPHRWKD","TOT","IDX2010","A","2014",102.604969,
"SWE","GDPHRWKD","TOT","IDX2010","A","2015",105.54523,
"SWE","GDPHRWKD","TOT","IDX2010","A","2016",105.616122,
"SWE","GDPHRWKD","TOT","IDX2010","A","2017",106.228792,
"SWE","GDPHRWKD","TOT","IDX2010","A","2018",106.493038,
"CHE","GDPHRWKD","TOT","IDX2010","A","1970",60.011265,
"CHE","GDPHRWKD","TOT","IDX2010","A","1971",61.674062,
"CHE","GDPHRWKD","TOT","IDX2010","A","1972",63.531527,
"CHE","GDPHRWKD","TOT","IDX2010","A","1973",65.722042,
"CHE","GDPHRWKD","TOT","IDX2010","A","1974",67.740866,
"CHE","GDPHRWKD","TOT","IDX2010","A","1975",66.265751,
"CHE","GDPHRWKD","TOT","IDX2010","A","1976",67.40577,
"CHE","GDPHRWKD","TOT","IDX2010","A","1977",69.72816,
"CHE","GDPHRWKD","TOT","IDX2010","A","1978",69.863361,
"CHE","GDPHRWKD","TOT","IDX2010","A","1979",71.334801,
"CHE","GDPHRWKD","TOT","IDX2010","A","1980",73.520319,
"CHE","GDPHRWKD","TOT","IDX2010","A","1981",73.768102,
"CHE","GDPHRWKD","TOT","IDX2010","A","1982",72.887812,
"CHE","GDPHRWKD","TOT","IDX2010","A","1983",73.962733,
"CHE","GDPHRWKD","TOT","IDX2010","A","1984",76.272061,
"CHE","GDPHRWKD","TOT","IDX2010","A","1985",77.794373,
"CHE","GDPHRWKD","TOT","IDX2010","A","1986",77.86032,
"CHE","GDPHRWKD","TOT","IDX2010","A","1987",77.249647,
"CHE","GDPHRWKD","TOT","IDX2010","A","1988",77.78099,
"CHE","GDPHRWKD","TOT","IDX2010","A","1989",79.718554,
"CHE","GDPHRWKD","TOT","IDX2010","A","1990",80.558265,
"CHE","GDPHRWKD","TOT","IDX2010","A","1991",78.500707,"B"
"CHE","GDPHRWKD","TOT","IDX2010","A","1992",79.195442,
"CHE","GDPHRWKD","TOT","IDX2010","A","1993",79.920636,
"CHE","GDPHRWKD","TOT","IDX2010","A","1994",80.480366,
"CHE","GDPHRWKD","TOT","IDX2010","A","1995",81.916122,
"CHE","GDPHRWKD","TOT","IDX2010","A","1996",83.727442,
"CHE","GDPHRWKD","TOT","IDX2010","A","1997",86.290794,
"CHE","GDPHRWKD","TOT","IDX2010","A","1998",87.288671,
"CHE","GDPHRWKD","TOT","IDX2010","A","1999",86.930119,
"CHE","GDPHRWKD","TOT","IDX2010","A","2000",89.721604,
"CHE","GDPHRWKD","TOT","IDX2010","A","2001",91.54402,
"CHE","GDPHRWKD","TOT","IDX2010","A","2002",92.232745,
"CHE","GDPHRWKD","TOT","IDX2010","A","2003",91.86068,
"CHE","GDPHRWKD","TOT","IDX2010","A","2004",92.461378,
"CHE","GDPHRWKD","TOT","IDX2010","A","2005",94.928453,
"CHE","GDPHRWKD","TOT","IDX2010","A","2006",97.228047,
"CHE","GDPHRWKD","TOT","IDX2010","A","2007",99.29129,
"CHE","GDPHRWKD","TOT","IDX2010","A","2008",99.621294,
"CHE","GDPHRWKD","TOT","IDX2010","A","2009",97.462968,
"CHE","GDPHRWKD","TOT","IDX2010","A","2010",100,
"CHE","GDPHRWKD","TOT","IDX2010","A","2011",99.473463,
"CHE","GDPHRWKD","TOT","IDX2010","A","2012",99.738207,
"CHE","GDPHRWKD","TOT","IDX2010","A","2013",101.607501,
"CHE","GDPHRWKD","TOT","IDX2010","A","2014",102.671013,
"CHE","GDPHRWKD","TOT","IDX2010","A","2015",101.578096,
"CHE","GDPHRWKD","TOT","IDX2010","A","2016",101.741771,
"CHE","GDPHRWKD","TOT","IDX2010","A","2017",103.79846,
"CHE","GDPHRWKD","TOT","IDX2010","A","2018",106.028992,
"TUR","GDPHRWKD","TOT","IDX2010","A","1970",32.129847,
"TUR","GDPHRWKD","TOT","IDX2010","A","1971",33.494098,
"TUR","GDPHRWKD","TOT","IDX2010","A","1972",35.152619,
"TUR","GDPHRWKD","TOT","IDX2010","A","1973",35.787303,
"TUR","GDPHRWKD","TOT","IDX2010","A","1974",37.136665,
"TUR","GDPHRWKD","TOT","IDX2010","A","1975",39.629129,
"TUR","GDPHRWKD","TOT","IDX2010","A","1976",43.518505,
"TUR","GDPHRWKD","TOT","IDX2010","A","1977",43.972145,
"TUR","GDPHRWKD","TOT","IDX2010","A","1978",44.406837,
"TUR","GDPHRWKD","TOT","IDX2010","A","1979",43.852757,
"TUR","GDPHRWKD","TOT","IDX2010","A","1980",42.411071,
"TUR","GDPHRWKD","TOT","IDX2010","A","1981",44.257396,
"TUR","GDPHRWKD","TOT","IDX2010","A","1982",45.533381,
"TUR","GDPHRWKD","TOT","IDX2010","A","1983",47.523632,
"TUR","GDPHRWKD","TOT","IDX2010","A","1984",51.670611,
"TUR","GDPHRWKD","TOT","IDX2010","A","1985",52.23272,
"TUR","GDPHRWKD","TOT","IDX2010","A","1986",55.343136,
"TUR","GDPHRWKD","TOT","IDX2010","A","1987",60.518288,
"TUR","GDPHRWKD","TOT","IDX2010","A","1988",61.129627,
"TUR","GDPHRWKD","TOT","IDX2010","A","1989",58.794631,
"TUR","GDPHRWKD","TOT","IDX2010","A","1990",63.20389,
"TUR","GDPHRWKD","TOT","IDX2010","A","1991",61.240474,
"TUR","GDPHRWKD","TOT","IDX2010","A","1992",63.430137,
"TUR","GDPHRWKD","TOT","IDX2010","A","1993",71.242721,
"TUR","GDPHRWKD","TOT","IDX2010","A","1994",63.435022,
"TUR","GDPHRWKD","TOT","IDX2010","A","1995",66.478913,
"TUR","GDPHRWKD","TOT","IDX2010","A","1996",68.55759,
"TUR","GDPHRWKD","TOT","IDX2010","A","1997",74.231073,
"TUR","GDPHRWKD","TOT","IDX2010","A","1998",74.317127,
"TUR","GDPHRWKD","TOT","IDX2010","A","1999",69.430765,
"TUR","GDPHRWKD","TOT","IDX2010","A","2000",75.138537,
"TUR","GDPHRWKD","TOT","IDX2010","A","2001",70.500558,
"TUR","GDPHRWKD","TOT","IDX2010","A","2002",75.224401,
"TUR","GDPHRWKD","TOT","IDX2010","A","2003",80.07146,
"TUR","GDPHRWKD","TOT","IDX2010","A","2004",87.268167,
"TUR","GDPHRWKD","TOT","IDX2010","A","2005",92.253071,
"TUR","GDPHRWKD","TOT","IDX2010","A","2006",96.735393,
"TUR","GDPHRWKD","TOT","IDX2010","A","2007",101.862827,
"TUR","GDPHRWKD","TOT","IDX2010","A","2008",101.55521,
"TUR","GDPHRWKD","TOT","IDX2010","A","2009",97.48802,
"TUR","GDPHRWKD","TOT","IDX2010","A","2010",100,
"TUR","GDPHRWKD","TOT","IDX2010","A","2011",105.404026,
"TUR","GDPHRWKD","TOT","IDX2010","A","2012",107.622277,
"TUR","GDPHRWKD","TOT","IDX2010","A","2013",114.89747,
"TUR","GDPHRWKD","TOT","IDX2010","A","2014",114.929307,"E"
"TUR","GDPHRWKD","TOT","IDX2010","A","2015",118.630341,"E"
"TUR","GDPHRWKD","TOT","IDX2010","A","2016",119.797984,"E"
"TUR","GDPHRWKD","TOT","IDX2010","A","2017",124.263044,"E"
"GBR","GDPHRWKD","TOT","IDX2010","A","1970",40.665181,
"GBR","GDPHRWKD","TOT","IDX2010","A","1971",43.31157,
"GBR","GDPHRWKD","TOT","IDX2010","A","1972",45.857143,
"GBR","GDPHRWKD","TOT","IDX2010","A","1973",46.670375,
"GBR","GDPHRWKD","TOT","IDX2010","A","1974",46.349214,
"GBR","GDPHRWKD","TOT","IDX2010","A","1975",45.971887,
"GBR","GDPHRWKD","TOT","IDX2010","A","1976",48.00811,
"GBR","GDPHRWKD","TOT","IDX2010","A","1977",49.658335,
"GBR","GDPHRWKD","TOT","IDX2010","A","1978",52.027619,
"GBR","GDPHRWKD","TOT","IDX2010","A","1979",53.683696,
"GBR","GDPHRWKD","TOT","IDX2010","A","1980",54.190477,
"GBR","GDPHRWKD","TOT","IDX2010","A","1981",57.428634,
"GBR","GDPHRWKD","TOT","IDX2010","A","1982",59.138892,
"GBR","GDPHRWKD","TOT","IDX2010","A","1983",62.266507,
"GBR","GDPHRWKD","TOT","IDX2010","A","1984",61.733044,
"GBR","GDPHRWKD","TOT","IDX2010","A","1985",62.435286,
"GBR","GDPHRWKD","TOT","IDX2010","A","1986",64.064104,
"GBR","GDPHRWKD","TOT","IDX2010","A","1987",66.412574,
"GBR","GDPHRWKD","TOT","IDX2010","A","1988",66.286224,
"GBR","GDPHRWKD","TOT","IDX2010","A","1989",66.553744,
"GBR","GDPHRWKD","TOT","IDX2010","A","1990",67.31346,
"GBR","GDPHRWKD","TOT","IDX2010","A","1991",68.649628,
"GBR","GDPHRWKD","TOT","IDX2010","A","1992",71.941832,
"GBR","GDPHRWKD","TOT","IDX2010","A","1993",74.553845,
"GBR","GDPHRWKD","TOT","IDX2010","A","1994",76.417316,
"GBR","GDPHRWKD","TOT","IDX2010","A","1995",77.234902,
"GBR","GDPHRWKD","TOT","IDX2010","A","1996",78.359397,
"GBR","GDPHRWKD","TOT","IDX2010","A","1997",81.356448,
"GBR","GDPHRWKD","TOT","IDX2010","A","1998",82.49197,
"GBR","GDPHRWKD","TOT","IDX2010","A","1999",84.397333,
"GBR","GDPHRWKD","TOT","IDX2010","A","2000",86.967466,
"GBR","GDPHRWKD","TOT","IDX2010","A","2001",88.701763,
"GBR","GDPHRWKD","TOT","IDX2010","A","2002",91.091476,
"GBR","GDPHRWKD","TOT","IDX2010","A","2003",93.867177,
"GBR","GDPHRWKD","TOT","IDX2010","A","2004",95.8966,
"GBR","GDPHRWKD","TOT","IDX2010","A","2005",96.74378,
"GBR","GDPHRWKD","TOT","IDX2010","A","2006",98.613735,
"GBR","GDPHRWKD","TOT","IDX2010","A","2007",100.173535,
"GBR","GDPHRWKD","TOT","IDX2010","A","2008",100.290337,
"GBR","GDPHRWKD","TOT","IDX2010","A","2009",97.912276,
"GBR","GDPHRWKD","TOT","IDX2010","A","2010",100,
"GBR","GDPHRWKD","TOT","IDX2010","A","2011",100.334475,
"GBR","GDPHRWKD","TOT","IDX2010","A","2012",99.835065,
"GBR","GDPHRWKD","TOT","IDX2010","A","2013",100.046312,
"GBR","GDPHRWKD","TOT","IDX2010","A","2014",100.2246,
"GBR","GDPHRWKD","TOT","IDX2010","A","2015",101.88672,
"GBR","GDPHRWKD","TOT","IDX2010","A","2016",101.279841,
"GBR","GDPHRWKD","TOT","IDX2010","A","2017",102.245712,
"GBR","GDPHRWKD","TOT","IDX2010","A","2018",102.784508,
"USA","GDPHRWKD","TOT","IDX2010","A","1970",49.81985,
"USA","GDPHRWKD","TOT","IDX2010","A","1971",51.688143,
"USA","GDPHRWKD","TOT","IDX2010","A","1972",52.945302,
"USA","GDPHRWKD","TOT","IDX2010","A","1973",54.20197,
"USA","GDPHRWKD","TOT","IDX2010","A","1974",53.712971,
"USA","GDPHRWKD","TOT","IDX2010","A","1975",55.183493,
"USA","GDPHRWKD","TOT","IDX2010","A","1976",56.520444,
"USA","GDPHRWKD","TOT","IDX2010","A","1977",57.123491,
"USA","GDPHRWKD","TOT","IDX2010","A","1978",57.575919,
"USA","GDPHRWKD","TOT","IDX2010","A","1979",57.833783,
"USA","GDPHRWKD","TOT","IDX2010","A","1980",57.845482,
"USA","GDPHRWKD","TOT","IDX2010","A","1981",59.187353,
"USA","GDPHRWKD","TOT","IDX2010","A","1982",58.997206,
"USA","GDPHRWKD","TOT","IDX2010","A","1983",60.611583,
"USA","GDPHRWKD","TOT","IDX2010","A","1984",61.875164,
"USA","GDPHRWKD","TOT","IDX2010","A","1985",63.01302,
"USA","GDPHRWKD","TOT","IDX2010","A","1986",64.438396,
"USA","GDPHRWKD","TOT","IDX2010","A","1987",64.906878,
"USA","GDPHRWKD","TOT","IDX2010","A","1988",65.657245,
"USA","GDPHRWKD","TOT","IDX2010","A","1989",66.235702,
"USA","GDPHRWKD","TOT","IDX2010","A","1990",67.369901,
"USA","GDPHRWKD","TOT","IDX2010","A","1991",68.252523,
"USA","GDPHRWKD","TOT","IDX2010","A","1992",70.597155,
"USA","GDPHRWKD","TOT","IDX2010","A","1993",70.866677,
"USA","GDPHRWKD","TOT","IDX2010","A","1994",71.467027,
"USA","GDPHRWKD","TOT","IDX2010","A","1995",71.624321,
"USA","GDPHRWKD","TOT","IDX2010","A","1996",73.404901,
"USA","GDPHRWKD","TOT","IDX2010","A","1997",74.468951,
"USA","GDPHRWKD","TOT","IDX2010","A","1998",76.144301,
"USA","GDPHRWKD","TOT","IDX2010","A","1999",78.362696,
"USA","GDPHRWKD","TOT","IDX2010","A","2000",80.553785,
"USA","GDPHRWKD","TOT","IDX2010","A","2001",82.35685,
"USA","GDPHRWKD","TOT","IDX2010","A","2002",84.67324,
"USA","GDPHRWKD","TOT","IDX2010","A","2003",87.289092,
"USA","GDPHRWKD","TOT","IDX2010","A","2004",89.526473,
"USA","GDPHRWKD","TOT","IDX2010","A","2005",91.423361,
"USA","GDPHRWKD","TOT","IDX2010","A","2006",92.353846,
"USA","GDPHRWKD","TOT","IDX2010","A","2007",93.527155,
"USA","GDPHRWKD","TOT","IDX2010","A","2008",94.480177,
"USA","GDPHRWKD","TOT","IDX2010","A","2009",97.562935,
"USA","GDPHRWKD","TOT","IDX2010","A","2010",100,
"USA","GDPHRWKD","TOT","IDX2010","A","2011",100.039331,
"USA","GDPHRWKD","TOT","IDX2010","A","2012",100.386521,
"USA","GDPHRWKD","TOT","IDX2010","A","2013",100.813556,
"USA","GDPHRWKD","TOT","IDX2010","A","2014",101.355046,
"USA","GDPHRWKD","TOT","IDX2010","A","2015",102.092794,
"USA","GDPHRWKD","TOT","IDX2010","A","2016",102.240669,
"USA","GDPHRWKD","TOT","IDX2010","A","2017",103.364398,
"USA","GDPHRWKD","TOT","IDX2010","A","2018",104.311626,"E"
"CHL","GDPHRWKD","TOT","IDX2010","A","1986",45.377787,
"CHL","GDPHRWKD","TOT","IDX2010","A","1987",46.22596,
"CHL","GDPHRWKD","TOT","IDX2010","A","1988",46.619017,
"CHL","GDPHRWKD","TOT","IDX2010","A","1989",48.729929,
"CHL","GDPHRWKD","TOT","IDX2010","A","1990",48.726341,
"CHL","GDPHRWKD","TOT","IDX2010","A","1991",52.546132,
"CHL","GDPHRWKD","TOT","IDX2010","A","1992",56.371954,
"CHL","GDPHRWKD","TOT","IDX2010","A","1993",56.855568,
"CHL","GDPHRWKD","TOT","IDX2010","A","1994",60.102209,
"CHL","GDPHRWKD","TOT","IDX2010","A","1995",66.790301,
"CHL","GDPHRWKD","TOT","IDX2010","A","1996",70.704799,
"CHL","GDPHRWKD","TOT","IDX2010","A","1997",76.183834,
"CHL","GDPHRWKD","TOT","IDX2010","A","1998",76.347374,
"CHL","GDPHRWKD","TOT","IDX2010","A","1999",77.6752,
"CHL","GDPHRWKD","TOT","IDX2010","A","2000",80.903266,
"CHL","GDPHRWKD","TOT","IDX2010","A","2001",83.402904,
"CHL","GDPHRWKD","TOT","IDX2010","A","2002",84.142591,
"CHL","GDPHRWKD","TOT","IDX2010","A","2003",84.850427,
"CHL","GDPHRWKD","TOT","IDX2010","A","2004",88.825511,
"CHL","GDPHRWKD","TOT","IDX2010","A","2005",93.566153,
"CHL","GDPHRWKD","TOT","IDX2010","A","2006",97.42158,
"CHL","GDPHRWKD","TOT","IDX2010","A","2007",101.177493,
"CHL","GDPHRWKD","TOT","IDX2010","A","2008",103.4066,
"CHL","GDPHRWKD","TOT","IDX2010","A","2009",103.497966,
"CHL","GDPHRWKD","TOT","IDX2010","A","2010",100,
"CHL","GDPHRWKD","TOT","IDX2010","A","2011",102.193911,
"CHL","GDPHRWKD","TOT","IDX2010","A","2012",106.872451,"B"
"CHL","GDPHRWKD","TOT","IDX2010","A","2013",109.389477,
"CHL","GDPHRWKD","TOT","IDX2010","A","2014",111.053334,
"CHL","GDPHRWKD","TOT","IDX2010","A","2015",111.961378,
"CHL","GDPHRWKD","TOT","IDX2010","A","2016",113.409042,
"CHL","GDPHRWKD","TOT","IDX2010","A","2017",113.776789,
"CHL","GDPHRWKD","TOT","IDX2010","A","2018",117.530094,
"EST","GDPHRWKD","TOT","IDX2010","A","2000",64.32607,
"EST","GDPHRWKD","TOT","IDX2010","A","2001",68.263924,
"EST","GDPHRWKD","TOT","IDX2010","A","2002",72.348138,
"EST","GDPHRWKD","TOT","IDX2010","A","2003",75.845586,
"EST","GDPHRWKD","TOT","IDX2010","A","2004",80.605438,
"EST","GDPHRWKD","TOT","IDX2010","A","2005",85.269376,
"EST","GDPHRWKD","TOT","IDX2010","A","2006",89.975139,
"EST","GDPHRWKD","TOT","IDX2010","A","2007",96.916262,
"EST","GDPHRWKD","TOT","IDX2010","A","2008",93.251425,
"EST","GDPHRWKD","TOT","IDX2010","A","2009",95.111721,
"EST","GDPHRWKD","TOT","IDX2010","A","2010",100,
"EST","GDPHRWKD","TOT","IDX2010","A","2011",98.692903,
"EST","GDPHRWKD","TOT","IDX2010","A","2012",103.077096,
"EST","GDPHRWKD","TOT","IDX2010","A","2013",104.874106,
"EST","GDPHRWKD","TOT","IDX2010","A","2014",107.441656,
"EST","GDPHRWKD","TOT","IDX2010","A","2015",106.841716,
"EST","GDPHRWKD","TOT","IDX2010","A","2016",110.066259,
"EST","GDPHRWKD","TOT","IDX2010","A","2017",112.326638,
"EST","GDPHRWKD","TOT","IDX2010","A","2018",118.132452,
"ISR","GDPHRWKD","TOT","IDX2010","A","1981",69.645025,
"ISR","GDPHRWKD","TOT","IDX2010","A","1982",70.850467,
"ISR","GDPHRWKD","TOT","IDX2010","A","1983",71.236345,
"ISR","GDPHRWKD","TOT","IDX2010","A","1984",70.657676,
"ISR","GDPHRWKD","TOT","IDX2010","A","1985",73.071654,
"ISR","GDPHRWKD","TOT","IDX2010","A","1986",75.057313,
"ISR","GDPHRWKD","TOT","IDX2010","A","1987",78.168864,
"ISR","GDPHRWKD","TOT","IDX2010","A","1988",79.635038,
"ISR","GDPHRWKD","TOT","IDX2010","A","1989",78.620415,
"ISR","GDPHRWKD","TOT","IDX2010","A","1990",82.693734,
"ISR","GDPHRWKD","TOT","IDX2010","A","1991",84.753692,
"ISR","GDPHRWKD","TOT","IDX2010","A","1992",84.270049,
"ISR","GDPHRWKD","TOT","IDX2010","A","1993",83.713818,
"ISR","GDPHRWKD","TOT","IDX2010","A","1994",82.574365,
"ISR","GDPHRWKD","TOT","IDX2010","A","1995",81.73658,
"ISR","GDPHRWKD","TOT","IDX2010","A","1996",81.770992,
"ISR","GDPHRWKD","TOT","IDX2010","A","1997",82.782774,
"ISR","GDPHRWKD","TOT","IDX2010","A","1998",85.106005,
"ISR","GDPHRWKD","TOT","IDX2010","A","1999",84.989341,
"ISR","GDPHRWKD","TOT","IDX2010","A","2000",88.456942,
"ISR","GDPHRWKD","TOT","IDX2010","A","2001",89.303576,
"ISR","GDPHRWKD","TOT","IDX2010","A","2002",87.700072,
"ISR","GDPHRWKD","TOT","IDX2010","A","2003",88.474138,
"ISR","GDPHRWKD","TOT","IDX2010","A","2004",92.58619,
"ISR","GDPHRWKD","TOT","IDX2010","A","2005",93.675132,
"ISR","GDPHRWKD","TOT","IDX2010","A","2006",97.117033,
"ISR","GDPHRWKD","TOT","IDX2010","A","2007",98.123775,
"ISR","GDPHRWKD","TOT","IDX2010","A","2008",97.986186,
"ISR","GDPHRWKD","TOT","IDX2010","A","2009",97.302185,
"ISR","GDPHRWKD","TOT","IDX2010","A","2010",100,
"ISR","GDPHRWKD","TOT","IDX2010","A","2011",102.644272,
"ISR","GDPHRWKD","TOT","IDX2010","A","2012",102.349448,
"ISR","GDPHRWKD","TOT","IDX2010","A","2013",104.514637,
"ISR","GDPHRWKD","TOT","IDX2010","A","2014",106.441146,
"ISR","GDPHRWKD","TOT","IDX2010","A","2015",106.689718,
"ISR","GDPHRWKD","TOT","IDX2010","A","2016",107.010933,
"ISR","GDPHRWKD","TOT","IDX2010","A","2017",108.05225,
"LVA","GDPHRWKD","TOT","IDX2010","A","2000",61.793569,
"LVA","GDPHRWKD","TOT","IDX2010","A","2001",64.371856,
"LVA","GDPHRWKD","TOT","IDX2010","A","2002",69.675299,
"LVA","GDPHRWKD","TOT","IDX2010","A","2003",75.469671,
"LVA","GDPHRWKD","TOT","IDX2010","A","2004",83.737187,
"LVA","GDPHRWKD","TOT","IDX2010","A","2005",90.536855,
"LVA","GDPHRWKD","TOT","IDX2010","A","2006",95.730681,"B"
"LVA","GDPHRWKD","TOT","IDX2010","A","2007",102.975276,
"LVA","GDPHRWKD","TOT","IDX2010","A","2008",93.93363,
"LVA","GDPHRWKD","TOT","IDX2010","A","2009",96.279627,
"LVA","GDPHRWKD","TOT","IDX2010","A","2010",100,
"LVA","GDPHRWKD","TOT","IDX2010","A","2011",103.904129,
"LVA","GDPHRWKD","TOT","IDX2010","A","2012",107.471525,
"LVA","GDPHRWKD","TOT","IDX2010","A","2013",107.978872,
"LVA","GDPHRWKD","TOT","IDX2010","A","2014",110.913975,
"LVA","GDPHRWKD","TOT","IDX2010","A","2015",114.797029,
"LVA","GDPHRWKD","TOT","IDX2010","A","2016",117.455308,
"LVA","GDPHRWKD","TOT","IDX2010","A","2017",123.959249,
"LVA","GDPHRWKD","TOT","IDX2010","A","2018",127.516071,
"LTU","GDPHRWKD","TOT","IDX2010","A","1995",47.656583,
"LTU","GDPHRWKD","TOT","IDX2010","A","1996",49.7132,
"LTU","GDPHRWKD","TOT","IDX2010","A","1997",53.332796,
"LTU","GDPHRWKD","TOT","IDX2010","A","1998",56.23987,
"LTU","GDPHRWKD","TOT","IDX2010","A","1999",58.629339,
"LTU","GDPHRWKD","TOT","IDX2010","A","2000",59.439234,
"LTU","GDPHRWKD","TOT","IDX2010","A","2001",66.355648,
"LTU","GDPHRWKD","TOT","IDX2010","A","2002",69.456133,
"LTU","GDPHRWKD","TOT","IDX2010","A","2003",75.77948,
"LTU","GDPHRWKD","TOT","IDX2010","A","2004",77.649764,
"LTU","GDPHRWKD","TOT","IDX2010","A","2005",82.974525,
"LTU","GDPHRWKD","TOT","IDX2010","A","2006",89.619259,
"LTU","GDPHRWKD","TOT","IDX2010","A","2007",96.096665,
"LTU","GDPHRWKD","TOT","IDX2010","A","2008",98.397773,
"LTU","GDPHRWKD","TOT","IDX2010","A","2009",94.206655,
"LTU","GDPHRWKD","TOT","IDX2010","A","2010",100,
"LTU","GDPHRWKD","TOT","IDX2010","A","2011",106.972783,
"LTU","GDPHRWKD","TOT","IDX2010","A","2012",109.200114,
"LTU","GDPHRWKD","TOT","IDX2010","A","2013",112.506683,
"LTU","GDPHRWKD","TOT","IDX2010","A","2014",114.69528,
"LTU","GDPHRWKD","TOT","IDX2010","A","2015",113.891669,
"LTU","GDPHRWKD","TOT","IDX2010","A","2016",112.77414,
"LTU","GDPHRWKD","TOT","IDX2010","A","2017",120.701995,
"LTU","GDPHRWKD","TOT","IDX2010","A","2018",123.003976,
"RUS","GDPHRWKD","TOT","IDX2010","A","1995",65.63778,
"RUS","GDPHRWKD","TOT","IDX2010","A","1996",64.227345,
"RUS","GDPHRWKD","TOT","IDX2010","A","1997",66.143355,
"RUS","GDPHRWKD","TOT","IDX2010","A","1998",64.641363,
"RUS","GDPHRWKD","TOT","IDX2010","A","1999",63.267819,
"RUS","GDPHRWKD","TOT","IDX2010","A","2000",66.737608,
"RUS","GDPHRWKD","TOT","IDX2010","A","2001",70.149276,
"RUS","GDPHRWKD","TOT","IDX2010","A","2002",71.711733,
"RUS","GDPHRWKD","TOT","IDX2010","A","2003",76.779931,
"RUS","GDPHRWKD","TOT","IDX2010","A","2004",81.259084,
"RUS","GDPHRWKD","TOT","IDX2010","A","2005",85.478049,
"RUS","GDPHRWKD","TOT","IDX2010","A","2006",91.114058,
"RUS","GDPHRWKD","TOT","IDX2010","A","2007",96.438455,
"RUS","GDPHRWKD","TOT","IDX2010","A","2008",101.036201,
"RUS","GDPHRWKD","TOT","IDX2010","A","2009",96.476302,
"RUS","GDPHRWKD","TOT","IDX2010","A","2010",100,
"RUS","GDPHRWKD","TOT","IDX2010","A","2011",102.558838,
"RUS","GDPHRWKD","TOT","IDX2010","A","2012",105.125449,
"RUS","GDPHRWKD","TOT","IDX2010","A","2013",107.341369,
"RUS","GDPHRWKD","TOT","IDX2010","A","2014",107.639289,
"RUS","GDPHRWKD","TOT","IDX2010","A","2015",103.826463,
"RUS","GDPHRWKD","TOT","IDX2010","A","2016",103.703923,
"RUS","GDPHRWKD","TOT","IDX2010","A","2017",105.440156,"E"
"RUS","GDPHRWKD","TOT","IDX2010","A","2018",107.673473,"E"
"SVN","GDPHRWKD","TOT","IDX2010","A","1995",62.31817,
"SVN","GDPHRWKD","TOT","IDX2010","A","1996",66.876791,
"SVN","GDPHRWKD","TOT","IDX2010","A","1997",72.133057,
"SVN","GDPHRWKD","TOT","IDX2010","A","1998",74.013614,
"SVN","GDPHRWKD","TOT","IDX2010","A","1999",76.658756,
"SVN","GDPHRWKD","TOT","IDX2010","A","2000",79.520941,
"SVN","GDPHRWKD","TOT","IDX2010","A","2001",82.083556,
"SVN","GDPHRWKD","TOT","IDX2010","A","2002",82.707521,
"SVN","GDPHRWKD","TOT","IDX2010","A","2003",85.155695,
"SVN","GDPHRWKD","TOT","IDX2010","A","2004",87.952422,
"SVN","GDPHRWKD","TOT","IDX2010","A","2005",94.083268,
"SVN","GDPHRWKD","TOT","IDX2010","A","2006",99.573168,
"SVN","GDPHRWKD","TOT","IDX2010","A","2007",103.809158,
"SVN","GDPHRWKD","TOT","IDX2010","A","2008",103.385496,
"SVN","GDPHRWKD","TOT","IDX2010","A","2009",96.767066,
"SVN","GDPHRWKD","TOT","IDX2010","A","2010",100,
"SVN","GDPHRWKD","TOT","IDX2010","A","2011",103.405006,
"SVN","GDPHRWKD","TOT","IDX2010","A","2012",102.734592,
"SVN","GDPHRWKD","TOT","IDX2010","A","2013",101.625987,
"SVN","GDPHRWKD","TOT","IDX2010","A","2014",102.999437,
"SVN","GDPHRWKD","TOT","IDX2010","A","2015",103.653555,
"SVN","GDPHRWKD","TOT","IDX2010","A","2016",107.161123,
"SVN","GDPHRWKD","TOT","IDX2010","A","2017",111.275838,
"SVN","GDPHRWKD","TOT","IDX2010","A","2018",114.223479,
"EU28","GDPHRWKD","TOT","IDX2010","A","1995",79.577184,
"EU28","GDPHRWKD","TOT","IDX2010","A","1996",80.6826,
"EU28","GDPHRWKD","TOT","IDX2010","A","1997",82.493631,
"EU28","GDPHRWKD","TOT","IDX2010","A","1998",83.876773,
"EU28","GDPHRWKD","TOT","IDX2010","A","1999",85.773856,
"EU28","GDPHRWKD","TOT","IDX2010","A","2000",88.432148,
"EU28","GDPHRWKD","TOT","IDX2010","A","2001",90.287471,
"EU28","GDPHRWKD","TOT","IDX2010","A","2002",92.245233,
"EU28","GDPHRWKD","TOT","IDX2010","A","2003",93.516969,
"EU28","GDPHRWKD","TOT","IDX2010","A","2004",95.085642,
"EU28","GDPHRWKD","TOT","IDX2010","A","2005",96.141763,
"EU28","GDPHRWKD","TOT","IDX2010","A","2006",97.71701,
"EU28","GDPHRWKD","TOT","IDX2010","A","2007",98.74422,
"EU28","GDPHRWKD","TOT","IDX2010","A","2008",98.416772,
"EU28","GDPHRWKD","TOT","IDX2010","A","2009",97.035396,
"EU28","GDPHRWKD","TOT","IDX2010","A","2010",100,
"EU28","GDPHRWKD","TOT","IDX2010","A","2011",101.46771,
"EU28","GDPHRWKD","TOT","IDX2010","A","2012",102.429521,
"EU28","GDPHRWKD","TOT","IDX2010","A","2013",103.453133,
"EU28","GDPHRWKD","TOT","IDX2010","A","2014",104.163347,
"EU28","GDPHRWKD","TOT","IDX2010","A","2015",105.52362,
"EU28","GDPHRWKD","TOT","IDX2010","A","2016",105.996828,
"EU28","GDPHRWKD","TOT","IDX2010","A","2017",107.227151,
"EU28","GDPHRWKD","TOT","IDX2010","A","2018",108.010333,
"OECD","GDPHRWKD","TOT","IDX2010","A","2000",86.491199,
"OECD","GDPHRWKD","TOT","IDX2010","A","2001",88.013156,
"OECD","GDPHRWKD","TOT","IDX2010","A","2002",89.50194,
"OECD","GDPHRWKD","TOT","IDX2010","A","2003",91.561317,
"OECD","GDPHRWKD","TOT","IDX2010","A","2004",93.578795,
"OECD","GDPHRWKD","TOT","IDX2010","A","2005",95.052401,
"OECD","GDPHRWKD","TOT","IDX2010","A","2006",96.54544,
"OECD","GDPHRWKD","TOT","IDX2010","A","2007",97.950786,
"OECD","GDPHRWKD","TOT","IDX2010","A","2008",98.031408,
"OECD","GDPHRWKD","TOT","IDX2010","A","2009",98.387081,
"OECD","GDPHRWKD","TOT","IDX2010","A","2010",100,
"OECD","GDPHRWKD","TOT","IDX2010","A","2011",101.011566,
"OECD","GDPHRWKD","TOT","IDX2010","A","2012",101.539328,
"OECD","GDPHRWKD","TOT","IDX2010","A","2013",102.57415,
"OECD","GDPHRWKD","TOT","IDX2010","A","2014",103.438836,
"OECD","GDPHRWKD","TOT","IDX2010","A","2015",104.484076,
"OECD","GDPHRWKD","TOT","IDX2010","A","2016",104.835963,
"OECD","GDPHRWKD","TOT","IDX2010","A","2017",106.318315,
"G-7","GDPHRWKD","TOT","IDX2010","A","1970",41.955053,
"G-7","GDPHRWKD","TOT","IDX2010","A","1971",43.690443,
"G-7","GDPHRWKD","TOT","IDX2010","A","1972",45.806299,
"G-7","GDPHRWKD","TOT","IDX2010","A","1973",47.727744,
"G-7","GDPHRWKD","TOT","IDX2010","A","1974",48.531572,
"G-7","GDPHRWKD","TOT","IDX2010","A","1975",49.566653,
"G-7","GDPHRWKD","TOT","IDX2010","A","1976",51.264164,
"G-7","GDPHRWKD","TOT","IDX2010","A","1977",52.68587,
"G-7","GDPHRWKD","TOT","IDX2010","A","1978",54.199259,
"G-7","GDPHRWKD","TOT","IDX2010","A","1979",55.400978,
"G-7","GDPHRWKD","TOT","IDX2010","A","1980",55.855847,
"G-7","GDPHRWKD","TOT","IDX2010","A","1981",57.323545,
"G-7","GDPHRWKD","TOT","IDX2010","A","1982",57.88618,
"G-7","GDPHRWKD","TOT","IDX2010","A","1983",59.46551,
"G-7","GDPHRWKD","TOT","IDX2010","A","1984",61.00927,
"G-7","GDPHRWKD","TOT","IDX2010","A","1985",62.668325,
"G-7","GDPHRWKD","TOT","IDX2010","A","1986",63.984189,
"G-7","GDPHRWKD","TOT","IDX2010","A","1987",65.184845,
"G-7","GDPHRWKD","TOT","IDX2010","A","1988",66.741401,
"G-7","GDPHRWKD","TOT","IDX2010","A","1989",68.246703,
"G-7","GDPHRWKD","TOT","IDX2010","A","1990",69.911543,
"G-7","GDPHRWKD","TOT","IDX2010","A","1991",71.139081,
"G-7","GDPHRWKD","TOT","IDX2010","A","1992",73.126651,
"G-7","GDPHRWKD","TOT","IDX2010","A","1993",74.257792,
"G-7","GDPHRWKD","TOT","IDX2010","A","1994",75.573334,
"G-7","GDPHRWKD","TOT","IDX2010","A","1995",76.709621,
"G-7","GDPHRWKD","TOT","IDX2010","A","1996",78.214022,
"G-7","GDPHRWKD","TOT","IDX2010","A","1997",79.775464,
"G-7","GDPHRWKD","TOT","IDX2010","A","1998",81.319153,
"G-7","GDPHRWKD","TOT","IDX2010","A","1999",83.457859,
"G-7","GDPHRWKD","TOT","IDX2010","A","2000",85.850734,
"G-7","GDPHRWKD","TOT","IDX2010","A","2001",87.530092,
"G-7","GDPHRWKD","TOT","IDX2010","A","2002",89.447936,
"G-7","GDPHRWKD","TOT","IDX2010","A","2003",91.188831,
"G-7","GDPHRWKD","TOT","IDX2010","A","2004",93.094161,
"G-7","GDPHRWKD","TOT","IDX2010","A","2005",94.699669,
"G-7","GDPHRWKD","TOT","IDX2010","A","2006",95.757068,
"G-7","GDPHRWKD","TOT","IDX2010","A","2007",96.676908,
"G-7","GDPHRWKD","TOT","IDX2010","A","2008",97.048582,
"G-7","GDPHRWKD","TOT","IDX2010","A","2009",97.693141,
"G-7","GDPHRWKD","TOT","IDX2010","A","2010",100,
"G-7","GDPHRWKD","TOT","IDX2010","A","2011",100.586283,
"G-7","GDPHRWKD","TOT","IDX2010","A","2012",101.03041,
"G-7","GDPHRWKD","TOT","IDX2010","A","2013",101.95862,
"G-7","GDPHRWKD","TOT","IDX2010","A","2014",102.665196,
"G-7","GDPHRWKD","TOT","IDX2010","A","2015",103.622096,
"G-7","GDPHRWKD","TOT","IDX2010","A","2016",103.840165,
"G-7","GDPHRWKD","TOT","IDX2010","A","2017",105.086266,
"G-7","GDPHRWKD","TOT","IDX2010","A","2018",105.849969,
"EA19","GDPHRWKD","TOT","IDX2010","A","1995",84.631337,
"EA19","GDPHRWKD","TOT","IDX2010","A","1996",85.632631,
"EA19","GDPHRWKD","TOT","IDX2010","A","1997",87.27885,
"EA19","GDPHRWKD","TOT","IDX2010","A","1998",88.19675,
"EA19","GDPHRWKD","TOT","IDX2010","A","1999",89.449557,
"EA19","GDPHRWKD","TOT","IDX2010","A","2000",91.590563,
"EA19","GDPHRWKD","TOT","IDX2010","A","2001",92.946291,
"EA19","GDPHRWKD","TOT","IDX2010","A","2002",93.853249,
"EA19","GDPHRWKD","TOT","IDX2010","A","2003",94.317526,
"EA19","GDPHRWKD","TOT","IDX2010","A","2004",95.465999,
"EA19","GDPHRWKD","TOT","IDX2010","A","2005",96.307189,
"EA19","GDPHRWKD","TOT","IDX2010","A","2006",97.768576,
"EA19","GDPHRWKD","TOT","IDX2010","A","2007",98.72105,
"EA19","GDPHRWKD","TOT","IDX2010","A","2008",98.467183,
"EA19","GDPHRWKD","TOT","IDX2010","A","2009",97.453193,
"EA19","GDPHRWKD","TOT","IDX2010","A","2010",100,
"EA19","GDPHRWKD","TOT","IDX2010","A","2011",101.520746,
"EA19","GDPHRWKD","TOT","IDX2010","A","2012",102.274339,
"EA19","GDPHRWKD","TOT","IDX2010","A","2013",103.411772,
"EA19","GDPHRWKD","TOT","IDX2010","A","2014",104.274506,
"EA19","GDPHRWKD","TOT","IDX2010","A","2015",105.219914,
"EA19","GDPHRWKD","TOT","IDX2010","A","2016",105.726449,
"EA19","GDPHRWKD","TOT","IDX2010","A","2017",106.783059,
"EA19","GDPHRWKD","TOT","IDX2010","A","2018",106.978993,
"ZAF","GDPHRWKD","TOT","IDX2010","A","2001",78.498133,
"ZAF","GDPHRWKD","TOT","IDX2010","A","2002",81.913523,
"ZAF","GDPHRWKD","TOT","IDX2010","A","2003",87.779621,
"ZAF","GDPHRWKD","TOT","IDX2010","A","2004",89.107461,
"ZAF","GDPHRWKD","TOT","IDX2010","A","2005",86.375525,
"ZAF","GDPHRWKD","TOT","IDX2010","A","2006",89.934092,
"ZAF","GDPHRWKD","TOT","IDX2010","A","2007",94.154872,
"ZAF","GDPHRWKD","TOT","IDX2010","A","2008",91.202413,
"ZAF","GDPHRWKD","TOT","IDX2010","A","2009",93.706367,
"ZAF","GDPHRWKD","TOT","IDX2010","A","2010",100,
"ZAF","GDPHRWKD","TOT","IDX2010","A","2011",100.367652,
"ZAF","GDPHRWKD","TOT","IDX2010","A","2012",101.436765,
"ZAF","GDPHRWKD","TOT","IDX2010","A","2013",101.428308,
"ZAF","GDPHRWKD","TOT","IDX2010","A","2014",101.520279,
"ZAF","GDPHRWKD","TOT","IDX2010","A","2015",111.511629,"E"
"ZAF","GDPHRWKD","TOT","IDX2010","A","2016",98.579546,"E"
"ZAF","GDPHRWKD","TOT","IDX2010","A","2017",98.524905,"E"
"ZAF","GDPHRWKD","TOT","IDX2010","A","2018",97.938287,"E"
"CRI","GDPHRWKD","TOT","IDX2010","A","1991",73.588081,
"CRI","GDPHRWKD","TOT","IDX2010","A","1992",74.36828,
"CRI","GDPHRWKD","TOT","IDX2010","A","1993",75.71834,
"CRI","GDPHRWKD","TOT","IDX2010","A","1994",74.889371,
"CRI","GDPHRWKD","TOT","IDX2010","A","1995",76.384552,
"CRI","GDPHRWKD","TOT","IDX2010","A","1996",76.60369,
"CRI","GDPHRWKD","TOT","IDX2010","A","1997",75.575975,
"CRI","GDPHRWKD","TOT","IDX2010","A","1998",76.274353,
"CRI","GDPHRWKD","TOT","IDX2010","A","1999",77.834572,
"CRI","GDPHRWKD","TOT","IDX2010","A","2000",79.210675,
"CRI","GDPHRWKD","TOT","IDX2010","A","2001",78.744126,
"CRI","GDPHRWKD","TOT","IDX2010","A","2002",79.183168,
"CRI","GDPHRWKD","TOT","IDX2010","A","2003",80.251572,
"CRI","GDPHRWKD","TOT","IDX2010","A","2004",82.191779,
"CRI","GDPHRWKD","TOT","IDX2010","A","2005",80.679403,
"CRI","GDPHRWKD","TOT","IDX2010","A","2006",83.792453,
"CRI","GDPHRWKD","TOT","IDX2010","A","2007",84.895599,
"CRI","GDPHRWKD","TOT","IDX2010","A","2008",87.496074,
"CRI","GDPHRWKD","TOT","IDX2010","A","2009",89.888105,
"CRI","GDPHRWKD","TOT","IDX2010","A","2010",100,
"CRI","GDPHRWKD","TOT","IDX2010","A","2011",104.70427,
"CRI","GDPHRWKD","TOT","IDX2010","A","2012",103.160289,
"CRI","GDPHRWKD","TOT","IDX2010","A","2013",108.318253,
"CRI","GDPHRWKD","TOT","IDX2010","A","2014",111.043495,
"CRI","GDPHRWKD","TOT","IDX2010","A","2015",114.591683,
"CRI","GDPHRWKD","TOT","IDX2010","A","2016",119.663859,
"CRI","GDPHRWKD","TOT","IDX2010","A","2017",121.589544,
"CRI","GDPHRWKD","TOT","IDX2010","A","2018",123.896896,
"BGR","GDPHRWKD","TOT","IDX2010","A","1995",69.022871,
"BGR","GDPHRWKD","TOT","IDX2010","A","1996",73.450445,
"BGR","GDPHRWKD","TOT","IDX2010","A","1997",62.879483,
"BGR","GDPHRWKD","TOT","IDX2010","A","1998",68.935271,
"BGR","GDPHRWKD","TOT","IDX2010","A","1999",65.217448,
"BGR","GDPHRWKD","TOT","IDX2010","A","2000",71.238839,
"BGR","GDPHRWKD","TOT","IDX2010","A","2001",73.96387,
"BGR","GDPHRWKD","TOT","IDX2010","A","2002",78.20449,
"BGR","GDPHRWKD","TOT","IDX2010","A","2003",80.39846,
"BGR","GDPHRWKD","TOT","IDX2010","A","2004",82.247894,
"BGR","GDPHRWKD","TOT","IDX2010","A","2005",86.051802,
"BGR","GDPHRWKD","TOT","IDX2010","A","2006",89.238619,
"BGR","GDPHRWKD","TOT","IDX2010","A","2007",92.820909,
"BGR","GDPHRWKD","TOT","IDX2010","A","2008",93.924301,
"BGR","GDPHRWKD","TOT","IDX2010","A","2009",94.782821,
"BGR","GDPHRWKD","TOT","IDX2010","A","2010",100,
"BGR","GDPHRWKD","TOT","IDX2010","A","2011",104.288151,
"BGR","GDPHRWKD","TOT","IDX2010","A","2012",106.940968,
"BGR","GDPHRWKD","TOT","IDX2010","A","2013",107.899531,
"BGR","GDPHRWKD","TOT","IDX2010","A","2014",109.540701,
"BGR","GDPHRWKD","TOT","IDX2010","A","2015",112.924714,
"BGR","GDPHRWKD","TOT","IDX2010","A","2016",116.848898,
"BGR","GDPHRWKD","TOT","IDX2010","A","2017",119.190027,
"BGR","GDPHRWKD","TOT","IDX2010","A","2018",122.893553,
"HRV","GDPHRWKD","TOT","IDX2010","A","1995",72.36831,
"HRV","GDPHRWKD","TOT","IDX2010","A","1996",76.633778,
"HRV","GDPHRWKD","TOT","IDX2010","A","1997",81.603061,
"HRV","GDPHRWKD","TOT","IDX2010","A","1998",83.32591,
"HRV","GDPHRWKD","TOT","IDX2010","A","1999",82.517046,
"HRV","GDPHRWKD","TOT","IDX2010","A","2000",85.793908,
"HRV","GDPHRWKD","TOT","IDX2010","A","2001",89.273569,
"HRV","GDPHRWKD","TOT","IDX2010","A","2002",93.140803,
"HRV","GDPHRWKD","TOT","IDX2010","A","2003",95.900487,
"HRV","GDPHRWKD","TOT","IDX2010","A","2004",98.727802,
"HRV","GDPHRWKD","TOT","IDX2010","A","2005",101.745491,
"HRV","GDPHRWKD","TOT","IDX2010","A","2006",103.317386,
"HRV","GDPHRWKD","TOT","IDX2010","A","2007",105.331744,
"HRV","GDPHRWKD","TOT","IDX2010","A","2008",105.145829,
"HRV","GDPHRWKD","TOT","IDX2010","A","2009",98.383875,
"HRV","GDPHRWKD","TOT","IDX2010","A","2010",100,
"HRV","GDPHRWKD","TOT","IDX2010","A","2011",103.796533,
"HRV","GDPHRWKD","TOT","IDX2010","A","2012",106.133923,
"HRV","GDPHRWKD","TOT","IDX2010","A","2013",109.256161,
"HRV","GDPHRWKD","TOT","IDX2010","A","2014",107.323302,
"HRV","GDPHRWKD","TOT","IDX2010","A","2015",112.347843,
"HRV","GDPHRWKD","TOT","IDX2010","A","2016",115.525749,
"HRV","GDPHRWKD","TOT","IDX2010","A","2017",117.050697,
"PER","GDPHRWKD","TOT","IDX2010","A","2007",86.377223,
"PER","GDPHRWKD","TOT","IDX2010","A","2008",93.104764,
"PER","GDPHRWKD","TOT","IDX2010","A","2009",93.185843,
"PER","GDPHRWKD","TOT","IDX2010","A","2010",100,
"PER","GDPHRWKD","TOT","IDX2010","A","2011",104.820822,
"PER","GDPHRWKD","TOT","IDX2010","A","2012",110.050144,
"PER","GDPHRWKD","TOT","IDX2010","A","2013",116.238016,
"PER","GDPHRWKD","TOT","IDX2010","A","2014",118.619541,
"ROU","GDPHRWKD","TOT","IDX2010","A","1995",53.799133,
"ROU","GDPHRWKD","TOT","IDX2010","A","1996",56.592148,
"ROU","GDPHRWKD","TOT","IDX2010","A","1997",53.421104,
"ROU","GDPHRWKD","TOT","IDX2010","A","1998",54.004374,
"ROU","GDPHRWKD","TOT","IDX2010","A","1999",54.736096,
"ROU","GDPHRWKD","TOT","IDX2010","A","2000",56.43001,
"ROU","GDPHRWKD","TOT","IDX2010","A","2001",60.02822,
"ROU","GDPHRWKD","TOT","IDX2010","A","2002",70.076004,
"ROU","GDPHRWKD","TOT","IDX2010","A","2003",72.926564,
"ROU","GDPHRWKD","TOT","IDX2010","A","2004",81.497144,
"ROU","GDPHRWKD","TOT","IDX2010","A","2005",86.2948,
"ROU","GDPHRWKD","TOT","IDX2010","A","2006",91.777789,
"ROU","GDPHRWKD","TOT","IDX2010","A","2007",97.595672,
"ROU","GDPHRWKD","TOT","IDX2010","A","2008",106.651048,
"ROU","GDPHRWKD","TOT","IDX2010","A","2009",103.37814,
"ROU","GDPHRWKD","TOT","IDX2010","A","2010",100,
"ROU","GDPHRWKD","TOT","IDX2010","A","2011",101.037916,
"ROU","GDPHRWKD","TOT","IDX2010","A","2012",113.268564,"B"
"ROU","GDPHRWKD","TOT","IDX2010","A","2013",118.620945,
"ROU","GDPHRWKD","TOT","IDX2010","A","2014",122.68625,
"ROU","GDPHRWKD","TOT","IDX2010","A","2015",129.559816,
"ROU","GDPHRWKD","TOT","IDX2010","A","2016",135.554555,
"ROU","GDPHRWKD","TOT","IDX2010","A","2017",141.196973,
"ROU","GDPHRWKD","TOT","IDX2010","A","2018",146.538997,
